inventory_id,item,quantity,type
c9312bad-0e6b-447e-944b-98e6bf43b217,Eabox,3408.01,Lighter - Bbq
c330facb-27d0-4127-9270-91de76544fc7,Skyba,5422.68,Tahini Paste
ab446703-76f7-4ef0-8636-8076d347b0d7,Mymm,9434.02,"Beans - Kidney, Red Dry"
72980dba-3da6-432c-9c03-c360d7b59442,Trupe,1603.08,"Salmon - Atlantic, Fresh, Whole"
21f86e6d-8c6d-451f-942d-c2fde4b917d1,Babbleset,8634.68,Tea Leaves - Oolong
62e63a1b-a708-4e87-87a0-29f1a2725845,Gabtype,9290,"Syrup - Monin, Swiss Choclate"
ef0d3f6b-ec6a-480f-a7e8-6523c795bf7a,Blognation,8568,Water - Spring Water 500ml
e0f04136-e149-4db1-8ec0-3ce94bf5afd6,Cogibox,7394.55,"Cheese - Woolwich Goat, Log"
c2a8f02b-3aeb-4cee-8806-b039bdb0fd53,Skyvu,9255.8,Oven Mitt - 13 Inch
4b24769b-efc0-4407-94ba-fc52b61d5cf0,Topicshots,754.91,Oil - Grapeseed Oil
529c6311-98dc-4d5c-817a-0e4d8e69cc05,Skibox,4391.66,"Split Peas - Green, Dry"
f39a43e4-aa62-4c31-a548-5083459136f9,Skaboo,42.32,Water - Evian 355 Ml
73a49f99-3f24-460a-a4d3-74b3bea90e10,Jamia,4923.65,"Potatoes - Yukon Gold, 80 Ct"
a5d70496-7c7a-4af9-8f6d-1ed82bccb7dc,Kaymbo,9796.04,Spring Roll Veg Mini
74e0eff6-9bd1-45aa-899e-ea580ce44e6c,Meedoo,6369.08,Bread - Malt
48e8c96f-55b5-4ca3-8a6f-1d38d4ab7b31,Vinder,1961.22,Syrup - Chocolate
76eb52af-cf1f-406d-9e6f-7f6bdf2e1749,Trupe,1708.97,Garlic
9a534331-e727-4ed9-ab6c-df13b9f20ced,Realbridge,5946.98,Pear - Prickly
4b904a5d-4595-4694-b752-12116ecf8ec2,Miboo,5022.69,Garam Masala Powder
5366a4c6-7021-4355-9515-27edbdde2ede,Pixonyx,8147.24,Basil - Fresh
7c7eb3c8-f168-416f-8db4-869617d8274f,Innojam,8683,Grapes - Red
12d49bf1-ae68-4243-a227-7e74b5f8e343,Quimm,7942.97,"Soup - Knorr, Ministrone"
57843429-5568-4e42-8402-d53c0e24acfe,Kazu,3146.73,Potatoes - Parissienne
d0457944-7872-435b-821a-8d06eff3a1e3,Flashpoint,8086.61,Dasheen
ab7b42a7-e190-4279-8ddb-a8155de4101e,Demizz,7978.13,Port - 74 Brights
8bbcdc0d-93b2-4c41-8193-0db8698a177c,Twinder,232.22,Mudslide
7b2fe078-188b-4583-83d0-3fd5a1990a6b,Meetz,2994.76,Mackerel Whole Fresh
32271d4e-dd18-459f-8e22-88554c7e9701,Edgeify,3383.59,Bread Base - Toscano
3250e8ed-f4a7-4727-bfe3-108a31872add,Rhynoodle,2848.52,Nori Sea Weed - Gold Label
888c5a43-1e23-4aa9-8562-f08abae33154,Fivespan,3565.69,Flour - So Mix Cake White
10b32029-25be-4422-9c91-8222f7597dff,Abatz,6105.83,Oven Mitts - 15 Inch
f4f73a28-d34e-4541-8c77-296b76532d87,Oyondu,2956.09,Tart - Lemon
25f781e5-9d7d-4fd9-a7cc-95cb3bd3430c,Browsetype,842.46,Croissants Thaw And Serve
f495613b-0650-4b66-89e6-6239cefa3210,Skimia,2360.73,Rhubarb
0ca74e63-044c-4752-870e-8454bb0c79b3,Gabspot,2256.52,Bread - Multigrain Oval
edd861b8-e0fa-4864-a36e-f78a8a17e4c3,Wikizz,2307.5,Bandage - Finger Cots
4a4f6e5f-5c92-41ea-96b3-d72c6b8c6cf1,Miboo,2298.46,"Sauce - Soya, Dark"
725259e5-4a7b-45b2-99fc-a777546d39da,Brightdog,4641.07,Wine - Beringer Founders Estate
556417aa-e261-4b91-b38a-a678042e8a83,Pixope,6335,Honey - Comb
4bc81aea-19df-48dc-a253-59998b0fdef9,Fivechat,5232.34,Quinoa
1929cf30-6468-49ee-8041-22315c7b7105,Skippad,7581.8,"Chocolate - Pistoles, Lactee, Milk"
02bb7cc0-a320-4081-b3d4-79a18fc24110,Shufflester,2791.83,"Chicken - Breast, 5 - 7 Oz"
69733baf-8600-488d-8631-36162c83e63a,Realfire,8282.68,Wine - Black Tower Qr
d93396ea-16c0-4ace-b352-bb9d2cb7f9a1,Trudoo,9045.28,Lumpfish Black
6d4ff4cf-3ced-42ce-80ad-599059ffb39b,Thoughtbridge,6202.53,"Tarragon - Primerba, Paste"
eb7bd947-a032-4677-a2fa-a82b5ec44dd7,Buzzshare,9024.63,Pickerel - Fillets
6b58b761-af47-479d-b1fd-c12aec578f8e,Thoughtbridge,4897.7,"Lamb - Loin, Trimmed, Boneless"
bd2a3a6e-de3e-43b8-b1a9-39276b61b418,Photobug,9903.75,Honey - Lavender
09971693-6b70-434e-a114-402936279c9f,Dabshots,1626.88,"Syrup - Monin, Swiss Choclate"
780a020c-bfa8-42b1-b2b3-1f729419fa52,Trilith,4955.98,Cheese - Mix
dfe85d70-473d-4f05-8b7f-88e3101629c1,Gigazoom,7249.32,Flounder - Fresh
4ec1c58f-5b22-482b-b545-88cf8c085693,Dynabox,5171.23,"Beans - Fava, Canned"
12e7a0fa-5e69-4d28-ba88-fc233085fab8,Plambee,7791.42,Sobe - Cranberry Grapefruit
af2de845-c4b2-4079-9d31-0e1444eca26e,Plajo,435.37,Horseradish - Prepared
1e9891b9-c974-4f44-82c1-0b5dfe9fa709,Riffpath,9687.98,"Bread - Rolls, Corn"
6d77b7cc-a9e2-4eeb-a7fa-9e0ed83a49de,Skimia,8208.63,Sauce - Hp
749a3ee6-e766-4c00-83f8-95ec8ef9ea27,Photospace,3725.64,Sprouts - Bean
4ac4c6c1-ebee-4643-aff6-01822f245563,Aimbu,2810,Peach - Fresh
b8e68ffd-755d-47fd-93ce-db42d4aa4605,Katz,9783.67,"Soup - Campbells, Chix Gumbo"
fc27e3cb-7ab8-401a-bacc-e29640344f72,Katz,7195.81,Wine - Pinot Noir Stoneleigh
3ad73d18-8f3a-4278-8017-5e8c8987f640,Skipfire,4882.35,Cheese - Valancey
579048ca-18da-4a46-ade8-71a58e34b0cd,Cogibox,5712.64,Wine - Sauvignon Blanc Oyster
3015c8f0-b64c-4339-8ebf-26dc31546ba1,Omba,256.17,Wine - Casablanca Valley
77910ef1-0f3c-431a-85bf-520e6c329416,Flipopia,4727.79,Wine - Valpolicella Masi
d3ad584c-b4e2-4309-be41-4c18a10594c3,Edgewire,5205.74,Yeast Dry - Fleischman
bf38609c-b523-4b8f-b96e-b7ab43fa3144,Realcube,9664.83,Chicken - Soup Base
e0457216-0ca7-48bb-b5a7-62cb88c2d6f4,Rhynyx,3175,Appetizer - Southwestern
3d20a384-f41b-498e-bbb8-82ea09185b54,Dynazzy,8157.1,"Bread - Roll, Whole Wheat"
827ab34d-905d-4c14-b8a5-a7481005bf6d,Yodel,1971.89,Bag - Regular Kraft 20 Lb
ed3946bf-4969-493b-8879-a827380646cf,Aibox,6967.78,Basil - Pesto Sauce
a0414dd9-3cdd-4cfc-bf51-fccd8cec53ae,Devcast,847.23,Celery
0e3a35d2-9a12-4ebb-a3bb-f2d5e6aca6e0,Ozu,8098.46,Sponge Cake Mix - Chocolate
91fbbb27-6c1c-4cec-818b-86be3c293805,Rhynoodle,8363.63,Kiwi Gold Zespri
8ae731b2-958a-45cf-b698-9bc1b78c73a5,Vimbo,1433.02,Raisin - Dark
4c75dc9c-4570-42ec-9306-d942d5d0dde1,Zooxo,4592.21,"Potatoes - Purple, Organic"
41282fe2-533c-4774-9f68-f49b894fe478,Oyonder,6267.47,Cookies - Englishbay Wht
49436ac0-fa8f-4fec-acd8-5ae1699aa110,Gigaclub,9428.39,Daves Island Stinger
d61c15eb-98eb-4921-a874-57a0e14793ec,Feedfish,269.18,Sobe - Liz Blizz
d9180639-5cbb-45e7-a8c9-598508c20326,Skinder,9943.9,Muffin Mix - Corn Harvest
b289765b-805f-48d3-90ea-c2ed23f4e2ef,Voolith,5217.11,Oil - Macadamia
66dc5bdb-2d38-4ea3-9d4e-efc76c4ce505,Youtags,1091.35,Tobasco Sauce
419765d5-aaf3-4160-96e3-7f820b5b026f,Yodoo,4131.99,"Soup - Knorr, French Onion"
37b5cca1-1092-4b14-9876-86f1e8870020,Blogtag,3483.84,Compound - Strawberry
f2c2fe52-7744-4279-b032-5d6de1703d9b,Feedbug,7358.36,Cheese - Mascarpone
d363e884-52d0-400d-ad39-9fbf69a4efdf,Livefish,6830.49,Compound - Passion Fruit
4cf170ed-6c46-4714-95f7-f2e193dc2a8e,Yodel,77.81,Kahlua
249ec741-205d-4001-8cd8-1fab5bf4f860,Innojam,6799.49,Wine - Cava Aria Estate Brut
c8ad17d2-0810-4cce-97ca-395d52c7a509,Fiveclub,2825.88,Grapefruit - Pink
845a48b5-723f-45e2-88f9-a05c01f6b35f,Yodel,8785.18,Wine La Vielle Ferme Cote Du
604214b2-d0ff-4f60-b19d-671985e2ad26,Centizu,4146.53,Lamb - Ground
8ffa7613-f28e-4e39-99e0-3cc4e85a7200,Shufflebeat,2383.97,Nescafe - Frothy French Vanilla
a1cc9e87-27f9-4721-9d26-821df1b9c4a7,Gabtune,4192.82,Soup - Campbells Mushroom
0b8cdbb2-17fa-4387-ad45-25637451a90a,Jabbertype,1383.67,"Pasta - Lasagna, Dry"
d1afd95f-99a7-4980-8f0f-8baa137e99e1,Linkbuzz,8662.89,Wine - Jackson Triggs Okonagan
de98af6c-c67d-4602-9583-90eae31b9bb2,Meedoo,9077.59,"Ham - Smoked, Bone - In"
fe82e5e2-8fd1-4bed-b2ea-65a505f2a428,Photolist,3567.79,Wine - Duboeuf Beaujolais
793f3344-fedb-4ee3-a0e4-be13ffd02513,Yodoo,7874.08,Sobe - Green Tea
e3bc0a30-f473-46da-a95c-b3091c9a95fd,Voonyx,2026.7,Cheese - Parmigiano Reggiano
ef210273-f468-49b7-bb45-acb1b49b68dc,Topiclounge,4579.09,Chocolate - Milk
83738de7-98a3-4c70-976b-ee84dde683c2,Skivee,2222.34,Blue Curacao - Marie Brizard
6dedad9c-cfed-47d6-b05c-6c99be566ed5,Wordware,6695.63,Sausage - Blood Pudding
1d8eb086-b316-405a-92e7-9e800c336f31,DabZ,2542.96,"Cheese - Mozzarella, Buffalo"
e71dedfa-5459-48e9-84ec-b699acd10803,Edgeify,1774.69,Soupcontfoam16oz 116con
09417b5b-f14b-46bb-9bfa-9d8c551ec2b5,Mudo,1655.15,Chicken - Leg / Back Attach
b5653e43-d2c6-4906-9890-8bc07ba523f2,Oyonder,8614.28,"Loaf Pan - 2 Lb, Foil"
361bdc14-c7d8-405f-9a5b-61403db47699,Babbleset,1190.21,Lamb - Bones
e3f34c4f-4107-4d1d-974b-ecab465ca29d,Flipstorm,6209.47,Pork - Inside
b1830ea4-d52e-4612-bbeb-bbae93881a4e,InnoZ,8407.34,Lettuce - Arugula
705262fb-3e39-4326-ab0e-6cf44b7d97ad,Divape,7132.26,"Beef - Ox Tongue, Pickled"
eb7634ab-1cb3-41d9-b959-bcdcd8ebd185,Buzzster,1939.16,Appetizer - Escargot Puff
95de11b3-d965-4cf2-a684-1996b91a9c47,Tagfeed,380.68,Sour Puss - Tangerine
435c8a87-2b6d-46e8-aa27-f5bcd6d37cad,Realpoint,6570.42,Sauce Bbq Smokey
328e9065-9199-46cd-876a-d0ddf39c16e4,Twitterbeat,8746.09,Lamb Leg - Bone - In Nz
2edfa7aa-f862-4794-848f-626246d9ddee,Oozz,1080.23,Beef Tenderloin Aaa
dfc07dd0-7b84-4030-9ec9-e35bd05510a2,Gabtype,8122.15,Mix - Cappucino Cocktail
304684d7-04f9-483a-a491-ffe16b5b2ae3,Realmix,1263.94,Pork - Ground
223e92fa-7e26-46d7-82f5-f47c64a09f5e,Flashdog,9519.84,Pepperoni Slices
0391e691-7c94-4ec2-bf1b-391320287ad2,Vimbo,5574.94,Containter - 3oz Microwave Rect.
33762545-9f7e-4982-9787-52589cd92c6f,Skyble,8657.72,Scampi Tail
6985df59-9f71-4359-a49d-896fb38b2b1d,Zooveo,6566.13,Island Oasis - Pina Colada
50982338-2668-4078-a0f8-c1b21e40ec0e,Riffpath,5977.21,Foam Espresso Cup Plain White
18cc3926-7786-4f3d-8fd0-a2ec2f30c783,Vidoo,8375.63,Whmis Spray Bottle Graduated
ae44583d-b8fa-4353-9734-1c220a374367,Izio,518.12,Cookies Cereal Nut
de3fd52e-29d4-499a-a584-77ab2a0f1755,Bubbletube,2007.86,Eggplant Oriental
5192e9f2-5918-4c7b-9e77-5d5b7c29c28b,Ntags,7567.44,Bread - French Baquette
bc810f53-9b54-4ab4-af20-efea10238b48,Voonix,9592.87,Muffin - Carrot Individual Wrap
24e3c9b3-9168-4b8a-ab50-119832d55d3a,Linkbuzz,4188.08,Cherries - Frozen
2789335f-3e5d-4b2f-bd4c-44be4c96efa5,Buzzshare,8235.6,Pork - Kidney
500c02d6-8fae-4ea3-92a3-0fc24279b35d,Meemm,3685.49,Versatainer Nc - 9388
dc077b26-4619-49c2-8903-e2c36c7d25d9,Twitterbridge,9078.11,Cup - 8oz Coffee Perforated
e0d3f584-b0c8-41ac-a8cc-7c41a7bc54f0,Voonte,8437.7,Sambuca Cream
f079b257-f793-40e1-ab6a-e768ad2505d2,Voomm,136.11,Beef - Short Ribs
59613be6-56b6-4021-9239-2606113c31f0,Eayo,9999.68,Bar Nature Valley
1a520d30-abc3-49b7-8553-aa4430e0782e,Fivebridge,2366.87,"Water - Spring Water, 355 Ml"
f885fefc-f429-4459-983b-c8b9b1cc545f,Divanoodle,3488.43,Bread - Sour Sticks With Onion
b22e1cd6-82c1-4d43-8d8d-acd5c95850cd,Oodoo,9118.96,Soup - Campbells Asian Noodle
24074a46-5554-4264-8eb7-b6974db3ec7e,Browseblab,2963.74,"Lentils - Green, Dry"
312378b6-7bdb-4724-81e0-61c9f76f8cb3,Tagchat,5806.35,Chick Peas - Canned
43d4d875-8f2e-47d4-95b5-a6d81763484c,Vimbo,5838.16,Maintenance Removal Charge
ac672e8a-13d2-471c-b09f-22b7828b82ec,Topiczoom,3217.29,Melon - Watermelon Yellow
433388b9-9667-4c40-a63f-95b6c695facc,Photospace,865.69,Apricots Fresh
769bd4a6-7b10-41ed-a073-64fd50ca23d6,Jabbersphere,7969.2,Table Cloth 90x90 White
2f6599ae-29be-4c4f-990a-738a6e0bfa49,Wordpedia,8314.06,Honey - Liquid
cd6bf9fa-6f04-4dda-bae2-22b6ec0f8188,Wikibox,2005.14,"Zucchini - Mini, Green"
7a98dc54-b609-4386-8f8c-7977e0cf1236,Bluezoom,8952.07,Cheese - Colby
f4995bfa-84e9-46fb-acfb-1e3b2285a145,Rhycero,7113.66,Red Pepper Paste
6f7449e1-4737-48f4-a70e-91b273db7862,Buzzbean,6640.8,Pork - Shoulder
1402b490-2f9b-40d3-b1d7-545ff89aed48,Bubblemix,5532.5,"Water, Tap"
b29c328a-7fab-434d-b5d6-8a93cdd4053c,Vipe,8248.57,Plastic Wrap
aca9b59c-bd95-4c4b-b9a5-44a7b6920587,Blogtag,453.69,Chips Potato All Dressed - 43g
5d0601db-1281-4bcd-a364-a77d5554f0bb,Skibox,6832.03,Bread - Ciabatta Buns
d6683f84-2c4d-457c-898f-474002376325,Feedspan,6257.81,Glucose
2c0a9417-8d15-4153-be50-a1d8ee6c0493,Eayo,9448.99,"Artichokes - Knobless, White"
41468d0c-8edd-43b6-91e5-6b24c8bc8413,Yabox,939.55,Fish - Bones
5d85cf43-61d6-4235-86a6-c0a4ddfc5f96,Topicstorm,7466.85,Vinegar - Champagne
b300d0fc-ed8e-4c54-b49f-28c489ad960b,Cogilith,5098.83,Ham - Cooked Italian
404cb101-f75f-44c1-824b-9ff1ffe416c8,Geba,6895.34,Cookies - Englishbay Chochip
bb6ac69f-b657-4a5e-803a-248b0966c41b,Skyble,4314.71,Cake - Miini Cheesecake Cherry
a58d800b-ac11-4085-93ab-42bcbcbb6481,Agimba,2493.14,Soup - Verve - Chipotle Chicken
29d6a6e3-c8c7-4cad-8e0c-083b2bb75b4b,Youtags,5212.19,"Shrimp, Dried, Small / Lb"
da332243-66fe-4fd3-a6b3-5405ed9e1f4b,Camido,8353.24,Tea - Vanilla Chai
33cb8e17-93e4-4f43-a63e-790da1d62018,LiveZ,9076.5,Cucumber - Pickling Ontario
c46444e8-3cee-442e-a1a0-157bf4e10956,Skaboo,800.91,Dragon Fruit
2603444b-1751-40f3-9b06-78f85ce71d90,Flashpoint,3015.89,Sauce - Hp
780dc6f0-79fe-4125-b806-dd3596b9b324,Oyope,6940.77,Juice - Orange
31a25f43-e88b-4c1b-b71b-11f444afef74,Youspan,7396.66,Eggplant - Baby
ecdd2f01-bd79-428c-8713-0f13458e97d3,Tavu,4699.25,Soup - Tomato Mush. Florentine
38dbcaa4-ea2d-4b4e-bddf-4229b8533739,Mydeo,2970.23,"Beans - Black Bean, Dry"
5d0cf5f8-82a3-4f3e-a97e-f5d958226435,Gigabox,6021.29,Cloves - Ground
947bcfdb-9a43-41c1-a4dd-234c4c685a68,Yacero,4518.9,Beer - Original Organic Lager
47540e08-1898-4615-98dd-82872f679f38,Brainbox,5787.16,Potatoes - Mini Red
809889a2-c54d-4183-b448-31496e630d50,Innotype,8704.73,"Beef - Ox Tongue, Pickled"
7d2a7762-dac3-45c0-a2a4-1a9b312d07be,Snaptags,9908.16,Sauce - Sesame Thai Dressing
f8dafcb0-bef4-459d-9c49-223db523c0b5,Twiyo,6972.72,Dawn Professionl Pot And Pan
7d9da2b2-9640-48cb-bb9e-ce4dc5df7c35,Pixope,5658.54,"Wine - Red, Harrow Estates, Cab"
cbee8cea-a07c-4c22-babd-a65e2fc7d927,Skimia,8120.29,Avocado
0202d86d-31d1-4a8e-b91c-378a373e8306,Browsecat,8289.12,Napkin Colour
a7d16efc-1e24-45ae-9de3-20bc413615d3,Meejo,5012.17,Okra
416bbf3c-f731-4cca-a5f4-2c15e0d4111c,Thoughtmix,8935.45,Neckerchief Blck
b17d7332-9d94-48c6-9005-292d1452c613,Npath,9626.56,"Lamb - Shoulder, Boneless"
19916ef3-fdbe-4795-9a57-7a428a004e81,Skiptube,8272.36,Lettuce - Treviso
2f8e83a6-74a9-43be-b0a4-61b8cf9ee6da,Reallinks,2170.84,Cheese - Mozzarella
ae85f3b2-d65d-41e7-b825-0ee9703b6f79,Zooveo,4154.22,Wine - Savigny - Les - Beaune
b18cb88f-d574-4ff7-98da-023224d52458,Divavu,2450.3,Sugar - Individual Portions
96bede30-409b-430c-bff0-7283ac0d803e,Youspan,4128.61,Glass Clear 7 Oz Xl
162fa9b1-7669-4711-87f0-f3b03d4eafdc,Nlounge,2177.26,Lemon Tarts
c0b96e45-9d3b-458f-b196-f77772327bd1,Realmix,6686.71,Wine - Winzer Krems Gruner
88454286-f9ce-4c6d-bbd6-50c388482120,Kwimbee,4249.09,"Wine - Red, Wolf Blass, Yellow"
830c665f-337d-46b6-9e25-df8761bf86fd,Flipopia,4512.22,Cake - Dulce De Leche
1c16248d-1ead-4a58-b982-a01a1008ca4a,Devify,2999.78,Island Oasis - Pina Colada
87fa572a-da52-44ed-a132-b8b2648dc94e,Buzzbean,3376.82,Cheese - Asiago
2e885d95-fe82-44da-bb9b-789c9dfbc175,Topicware,4572.32,Sea Urchin
030769f3-98ee-4c87-bc89-017646e4aa9f,Jetwire,5513.33,"Mushrooms - Black, Dried"
e2b1fa09-0521-4962-a804-8eb920497189,Zooxo,7863.07,Sauce - Oyster
9979447a-7c05-4029-ab0e-9620b6a5025a,Zooveo,3535.59,Beef - Kobe Striploin
583d1e05-c92d-45d6-98dd-7024bb837acd,Snaptags,8111.54,Grapefruit - White
b7899a91-fccd-418c-a8b2-3804f33aff64,Photospace,2253.42,"Turnip - White, Organic"
a0fe2e4d-f7fb-4062-91c8-f7c2d75c8b0b,Fanoodle,9009.39,Truffle Cups - Red
3d1e8b1a-91e6-4ead-b526-5170a0d52bd8,Topicshots,8431.5,Tarragon - Fresh
f9623dd3-3436-4e76-8c6f-d3fd44874684,Rhyloo,9333.09,Beer - Camerons Auburn
f8ad3773-629b-4687-b153-6421149cc449,Twitterwire,342.3,"Juice - Tomato, 48 Oz"
d18d8738-0abe-40e5-9bb7-7495e0cbdc72,Browsebug,2355.17,"Cod - Salted, Boneless"
6c7e0902-dad3-48d0-84dc-007892929120,Realmix,8337.38,Sambuca - Ramazzotti
5a5dca8d-1ad0-4a29-a93d-d6d7c689656f,Realpoint,5719.03,Lychee
90d77571-c06f-4ea0-a39f-7d05432d517f,Dynava,6669.35,"Lettuce - Mini Greens, Whole"
508c3bba-dd20-4fbc-8092-d2973ac1d412,Quamba,7842.7,Artichokes - Jerusalem
91510568-1f95-441d-804f-37bf03fd44c2,Flipbug,1175.33,Cake - Sheet Strawberry
a8dfa2ea-9279-4f1a-a03e-10f47f56e38c,Kare,4112.05,"Coffee - Beans, Whole"
50ef70f8-608e-4909-9838-c65a2e28cb98,Devcast,2239.95,Truffle Paste
993bd719-225a-4a69-a981-910be13173bd,Wordware,8551.91,Pepsi - 600ml
27d2a4a5-6928-4dd4-a62d-845402393718,Viva,3724.75,Beer - Labatt Blue
ab6b2061-8712-464f-9724-167d2de65ceb,Rhyloo,6101.61,Guinea Fowl
55d9e263-e5e2-43d9-86e3-8c995acf0e76,Skimia,2839.53,Beets
a7c108ae-a605-4e5c-a0c6-b9d5a45b87f2,Mynte,8824.97,"Wine - Saint - Bris 2002, Sauv"
808fbe44-4192-465b-8c90-d22fbcd9ec0d,Pixope,3296.08,Ice Cream - Strawberry
e16c9600-0e9a-43d5-8b61-5daa84186350,Jabberbean,6394.36,Cookie Dough - Peanut Butter
c9cdc37d-732f-408d-951b-f21ba6df782f,Dynazzy,8282.46,"Pepper - White, Ground"
7009c4e3-f0d1-4314-8892-fbc9a47aa730,LiveZ,9962.5,Buttons
23d9e6e3-ad08-4f9d-a7c6-b5386ae95d72,Zooveo,254.65,Yucca
0ecd7ae7-bfdd-4cfd-91f9-1897bb54f252,Twiyo,5871.2,"Pasta - Gnocchi, Potato"
b55e7da8-1521-4e5f-a1a0-fe32e8b3ab36,Wikizz,3041.54,Cilantro / Coriander - Fresh
8e7f833c-d571-4930-872a-26d482528bfa,Livetube,2058.88,Beer - Sleeman Fine Porter
fb000526-2b20-4152-893d-e207024dc932,Tagtune,9792.22,Icecream - Dibs
022ba030-8d9e-4535-8717-f94953af7a53,Twitterwire,1528.88,"Salt - Rock, Course"
fbe07111-b8f1-458e-bdee-49b6d552cb43,Yodo,6011.37,"Pork - Tenderloin, Frozen"
b65eb2c8-64df-4dd6-90f6-967b1f7085bb,Photojam,2238.7,Absolut Citron
d87e8608-18da-41b1-9b00-cab384dff99d,Kwinu,7988.19,Shrimp - Black Tiger 16/20
2c6edc29-6c68-4266-b0f2-b28cd8a26085,Bluejam,4601.91,"Lemonade - Black Cherry, 591 Ml"
0a7a3139-4830-4857-9784-bdd26f8380df,Skinder,7195.27,Ostrich - Fan Fillet
a93aff3e-bbb0-4d1a-a24a-3764c90fe35d,Brainverse,2538.76,Tea - Herbal - 6 Asst
ec08eeeb-07ac-4eb7-9466-52e22e9851a2,Oba,8761.62,Wine - Tribal Sauvignon
c3831648-239a-4fd5-90f5-02201d5bdd63,Meevee,2107.84,Bread Crumbs - Japanese Style
e65073e9-cca1-4780-997a-bcb71a17298b,Jabberbean,8748.11,Vodka - Moskovskaya
9099539c-6e3c-459f-9740-8a52cfed6e95,Thoughtbeat,3430.45,Pear - Halves
42208d2f-0acb-4481-8213-eaddaa65be24,Quamba,322.79,Capon - Whole
39153003-4019-43e9-b499-bdaf7ba581ae,Digitube,8778.18,Carbonated Water - Strawberry
c8ef0b04-8d63-4c24-9b38-d96132a8441f,Feedfish,3655.16,Bread - Italian Sesame Poly
575be22f-6879-4fe8-9b9d-a7a98beaa7a5,Mudo,5399.67,"Artichokes - Knobless, White"
64823f0c-e5d3-47ce-a325-fb7a92991191,Meedoo,5985.97,Foam Espresso Cup Plain White
3ed1ca6d-a235-4c41-8f04-34951718cd4c,Katz,7504.23,"Pasta - Linguini, Dry"
86511745-9606-4543-b431-b84cc2587c96,Trilith,772.46,Aspic - Light
c9be2dd6-0d8e-43a2-842f-e3291f55d454,Katz,6654.81,Jameson Irish Whiskey
649e32b1-f550-4adc-b6c9-24555f0ad69f,Abata,7983.78,Shrimp - Prawn
7bba2593-1399-4b72-93d0-992dca91bc19,Fadeo,2432.51,Longos - Chicken Cordon Bleu
5c732e39-8a89-4d1a-af33-f26799ec5588,Linkbridge,6006.61,Cookie Dough - Peanut Butter
5f2a2d4f-b78b-48ff-ab32-860d5eade272,Zava,3456.89,Crackers - Soda / Saltins
432ec2eb-a900-487a-9c4b-29f7df786350,Zoombeat,4782.46,"Yogurt - Strawberry, 175 Gr"
c2efa6c2-11ac-43e5-8d27-c9d23935ce90,Avavee,9677.33,"Carrots - Purple, Organic"
c26073cd-26cb-46dc-8a2e-28a69033b756,Voolia,5553.06,Beer - Paulaner Hefeweisse
8be61f8a-6f89-4553-977e-f8859698f05b,Dabfeed,7936.6,"Juice - V8, Tomato"
b6a57003-5b2e-4a5b-98d6-fb11d67372f1,Agivu,4143.07,Water - Green Tea Refresher
1bb4d14a-b899-43f6-b276-ef8649fcab40,Blogtag,6422.62,"Cake Circle, Paprus"
57512d5a-a4bd-423a-b59a-abcb46a3d102,Yakitri,5795.78,Goldschalger
94f96871-4115-4f70-aace-070c01062397,Skyba,5764.91,Cornstarch
29d959f5-b067-40ec-a1c9-9485384b9ca4,Avamm,3927.22,Pepper - Gypsy Pepper
18e4d564-78c8-4506-97cd-bb30644ec5e1,Wikizz,7074.22,"Wine - White, Ej Gallo"
0868ad68-7ee8-48cd-9702-6558b22fba6f,Aimbu,5156.64,Veal - Inside
e7f03076-97fe-4044-a85f-a244e3933748,Oozz,2296.62,Bacardi Breezer - Strawberry
a835f466-0156-40b4-ba25-43492b14bbc6,Yoveo,4001.99,Wine - Zinfandel California 2002
4c2b4475-a166-4bfb-badf-49e30dd948af,Divape,7298.45,Lamb - Ground
dd030e09-a460-4a98-ae32-fe299e197855,Skiptube,5331.76,"Water, Tap"
a2e1978b-a2b1-40c1-a2ec-793973b69b65,Topdrive,7072.49,Goulash Seasoning
29adf53c-581e-408c-a11f-ad0771a60e7d,Teklist,8188.69,"Quail - Whole, Bone - In"
085bd912-01be-46e1-ae6c-c999fb8ec325,Katz,8994.96,Veal - Provimi Inside
54f65792-e72c-4fcd-979f-b21d21d7cd05,Topiczoom,742.55,Brandy Apricot
6d386196-2b18-4ac2-bafd-eda361698c11,Devcast,748.49,Black Currants
bba6ffa3-90e7-437f-85d0-ff481ab4ec48,Oyondu,4035.76,Island Oasis - Banana Daiquiri
53d557a1-98a9-40be-bba8-1fdeba5a01d1,Meeveo,6897.01,"Chicken - Diced, Cooked"
0ee4d3f0-7779-4499-be69-982aa71b46b0,Zooveo,4578.19,Cup - 8oz Coffee Perforated
f4f34235-9772-4425-b975-b8852b19fde3,Kwinu,9892.76,Chinese Foods - Thick Noodles
68b85623-7e89-4e00-8ee7-86b26f07fb47,Eayo,1643.15,Rosemary - Dry
a4643350-d246-4a58-9924-aa59894ed86a,Linklinks,4714.05,Sprouts - Corn
d64d697a-775f-43e8-afc7-cfa548d63a9c,Dynava,1537.98,Soup Campbells Split Pea And Ham
12fddc10-d808-4261-9298-858f63437f9b,Reallinks,5277.31,Beef - Striploin Aa
be9a9317-1731-4717-8cbc-f7e550b60b8f,Layo,1078.5,Wine - Pinot Noir Latour
09010718-cc68-47e6-8f63-8bfefbc90141,Zooxo,6655.88,Compound - Strawberry
5f339800-1b37-41e6-993f-80703512317d,Ailane,8919.25,Marjoram - Fresh
19b3fa11-6eda-4e2e-bb68-662cf06636d9,Realblab,8875.06,Sprouts - Onion
a104a6cf-8a3b-4b46-8eef-9e49a2a0a2c5,Zoombox,1105.1,"Nut - Chestnuts, Whole"
18f947c0-5c36-400c-9b12-6470a9a254ef,Kare,6943.55,Gelatine Leaves - Bulk
a3fcee7d-c38c-4200-99ea-cb4f39660c08,Kanoodle,8928.53,V8 - Berry Blend
8c51b6d7-8da9-4b4c-8361-24a99213f9bb,Skyba,3678.89,"Pineapple - Canned, Rings"
9e7d2bb0-7b03-4454-9780-0cba7af9090d,Brightbean,8679.45,"Gingerale - Schweppes, 355 Ml"
4de5ed4b-d56f-4fb5-a32e-c92f9fb77091,Youspan,2035.81,Bread Cranberry Foccacia
e353d00e-f511-4a5f-9dff-c8e80671178d,DabZ,3039.8,"Club Soda - Schweppes, 355 Ml"
50ad8a78-4475-4082-b016-0b05d4dd534d,Avavee,8820.33,Magnotta - Bel Paese White
23cb8cad-f3bb-465f-998c-e74823eb0356,Youfeed,6934.17,Beer - Rickards Red
ecb59865-e90f-4cae-bad3-2a9b0051c0f0,Twitternation,9093.26,"Wine - White, Ej Gallo"
1fcb6b6d-db19-4ba8-a26f-f6f9326bd96b,Pixope,3677.17,Carrots - Jumbo
0fde5d7d-ba49-406f-8d42-cacfb4a47239,Mymm,6618.26,Beef - Tenderloin - Aa
541a4a82-1835-4d0d-b50f-2c0f88c84b06,Vitz,8009.99,Soup - Campbells Chili
da09f18f-9da4-4fd2-bcc1-454990669357,Edgetag,9823.56,Nescafe - Frothy French Vanilla
c70ec07d-54ce-46a9-94e8-73de601adbb3,Bubblebox,9507.72,Pastry - Baked Cinnamon Stick
c11bb1bd-bd5a-4013-93d6-0c8ded6d24b8,Edgeclub,9703.17,"Tendrils - Baby Pea, Organic"
4c91e311-c1ff-4a9c-9702-a7dd9cb75834,Plajo,8934.05,Soupcontfoam16oz 116con
e79a3c25-3cb9-4480-96c2-9f34732d767e,Bubblebox,2100.17,Capers - Ox Eye Daisy
3b0a9107-fef2-4abd-9fb3-e2599c00e113,Tagopia,8820.8,"Ice - Clear, 300 Lb For Carving"
e0495264-091a-4b0f-a2fa-6b80b64054a5,Dabvine,6513.16,Pepperoni Slices
89278d7b-e4a6-4541-a67e-7f330173a980,Mydeo,3893.61,Passion Fruit
d83546c3-f11a-4d9e-ba91-9689eaa86da0,Twitterworks,9375.72,Pork Casing
66019cd5-2f3c-4197-a6d3-969aa4cce58a,Eire,1376.33,Corn - Mini
999ef6e9-1001-42fa-9967-79b9070c820a,Yata,8144.54,Puff Pastry - Slab
c9c3f785-c00f-4d6d-86f8-bc9e04ad06cd,Jaxspan,9945.25,"Coconut - Shredded, Sweet"
6ef43b24-7e80-4057-8dd9-045836749fe0,Bubblebox,5599.85,Milk - Homo
f0276a6f-b1dc-473b-87e6-44b2f585eb9f,Livetube,3965.98,Flour - Pastry
b4640ce7-7a34-4b62-9f65-f9ecad196083,Mydeo,563.27,"Syrup - Monin, Irish Cream"
3e7596ac-ffde-4de4-a507-1060c6afd135,Gigazoom,2319.45,Bacardi Mojito
c70906b8-0522-44d2-889e-e0cc5b1082e8,Skalith,6384.81,Juice - Propel Sport
d01f3acf-b978-4614-b810-13427501c843,Meejo,6724.19,Mushroom Morel Fresh
5a8d68cd-7441-45c0-9080-bfde13d8dd3e,Shuffletag,5384.8,"Red Snapper - Fresh, Whole"
8ab17992-cdae-47ac-952f-b97a0d27a623,Skalith,4420.42,Napkin - Beverage 1 Ply
a02940f7-ff0c-46f4-a69f-e0148ec19f76,Skyble,9050.95,Cheese - Le Cru Du Clocher
1643476e-1ee5-4115-a30c-74ef3ea697c7,Riffpedia,6454.4,"Beans - Black Bean, Canned"
9095de87-818c-40b6-b444-6412bd052f08,Skinix,1914.13,Wine - Rioja Campo Viejo
a7b83fe7-c982-4e61-9a11-c365d5839346,Devify,5381.67,Noodles - Steamed Chow Mein
40f044c8-3a8c-468c-b8bb-13ada3bf0b4d,Photolist,1442.59,Bread - White Epi Baguette
5ff1f98e-3614-4751-9046-c2814575f3ec,Oyonder,1539.28,Coffee - Dark Roast
d6cb2a21-7b47-4faa-a941-cdad336e78ae,Tavu,3744.06,"Napkin - Cocktail,beige 2 - Ply"
abb87e07-e44e-46e5-b703-ca49bae4aad7,Skyvu,7147.52,Artichoke - Fresh
7a526006-cec3-4400-8adc-d5e381759d9a,Midel,6893.1,Vinegar - Red Wine
50cda219-80cd-4bf5-acf5-2078173c130c,Vipe,1965.31,Shiro Miso
4dff7d73-912e-4b3b-ad41-cbc2ded93ac2,Abata,3058.16,Munchies Honey Sweet Trail Mix
7a8b7901-6abc-4235-8307-f7d6ac56f55e,Mynte,7310.68,Cheese - Cottage Cheese
67ce693d-23f2-4058-9bdd-405ffd355e12,Yambee,8434.47,Irish Cream - Butterscotch
4bf33acd-48bf-48fa-9235-d8bc1c10c5c4,Edgewire,2067.7,Bagel - Sesame Seed Presliced
cba9b106-3b23-49bc-8607-3a3bf0e02e2c,Meezzy,6690.83,Fudge - Chocolate Fudge
44d870a3-a57a-486d-8ae4-d79f1dc6326b,Wikizz,8777.88,Nantucket Orange Juice
4cebcc2c-3e18-4c5d-8e6f-4f201219afc0,Eare,6071.36,"Lid - High Heat, Super Clear"
c333328b-90f4-499d-bc2d-e0ddcde192f1,Kwideo,5724.72,Icecream Bar - Del Monte
f3817139-090a-40ef-bd63-a0b2f9d816e1,DabZ,637.3,Ocean Spray - Kiwi Strawberry
e84a0793-cb47-4fad-a751-2c95df941045,Thoughtsphere,2682.74,Onions - White
a0b52772-ec23-4f88-b014-6c3788502aec,Flashspan,9672.73,Remy Red
f51d718f-f4c7-4c76-8990-6548aedbc29b,Talane,5067.83,Wine - Wyndham Estate Bin 777
57c3490f-934a-447c-a46f-f577e74401d1,Mydeo,1941.75,Bagel - Whole White Sesame
effe79d9-d618-41fc-99d7-9bca853cb8ff,Aimbu,5944.96,White Fish - Filets
9a4196f4-bc00-48ba-a2c0-15b44eaadabf,Flashset,8328.53,Ice Cream Bar - Drumstick
b741aedd-2ad9-46aa-8214-08eb813ae2cc,Devify,8940.57,Oil - Sunflower
48410f8f-ce05-4a61-9256-1b1fa8e25c3c,Brainbox,4775.05,"Iced Tea - Lemon, 460 Ml"
4fdb5a26-41e9-4005-8604-689297f4cf45,Skidoo,1907.27,"Juice - Cranberry, 341 Ml"
54c40bca-c44b-4ae1-8fbb-eeb1a9263d6e,Ozu,1433.23,Beef - Striploin
d86b3670-6cd6-4eb3-8e38-2eedc2079d1e,Youspan,8396.79,Island Oasis - Magarita Mix
d9949b84-07f1-4119-ba47-82392a7d495e,Innojam,3538.89,Pecan Raisin - Tarts
5f51db21-feeb-4d2d-9628-e1c64984d06e,Oloo,2227.79,Wine - Pinot Noir Latour
55a279c7-55db-4b64-ba1c-3ec6933c05f1,Browsezoom,9039.72,Onion - Dried
e09f84a7-736b-4375-96b8-b04ec8470cd0,Fadeo,9498.95,Bread - Rosemary Focaccia
bf850448-9365-49c8-b3cb-c2c460eb13e1,Aimbu,7904.97,Flour - Teff
8b58500f-1a54-4d31-b9c2-a55d332677b3,Voomm,5116.07,Ham - Cooked
b2171fee-1271-4949-99ed-9526ca3c6027,Devify,8061.06,"Beans - Black Bean, Preserved"
e3090200-e53a-43fa-b49d-51c2681ff07d,Voonyx,8412.22,Cranberries - Dry
bff43d55-b753-47eb-919d-26fde71115a8,Lazz,8506.49,Calvados - Boulard
f6a4ef09-f87a-43e5-ab38-81dc9fc361e3,Lazz,5471.53,Chick Peas - Dried
3e91e727-043d-4b97-805b-0d0759baae62,Dynazzy,8220.39,Grouper - Fresh
bfb671e5-fdd9-49b3-b0ad-11744cdfe278,Meeveo,8790.56,Pie Pecan
80177c8d-eb47-4e1f-82eb-cba0bba9707c,Roodel,2187.23,Bread - Sour Sticks With Onion
b5442002-fc35-4c02-9fa0-1cd82b0db9fa,Shufflester,5226.41,Beef Cheek Fresh
f2a25098-035b-4ef8-967d-5ef03cf84bfd,Youfeed,9282.3,Bagel - Whole White Sesame
1a2920f4-bde3-4419-9934-56256e5877d7,Photobean,7956.8,Potatoes - Yukon Gold 5 Oz
3ffb87c3-c5a9-46fe-8f1b-893baa0d107d,Skajo,4788.35,Beef - Salted
d48e5436-a8e9-4659-b3c3-f7f315633bcc,Yozio,7494.81,Oven Mitt - 13 Inch
a0219182-bc13-4d10-a883-ce59f0616f06,Vipe,8389.53,"Cake Circle, Paprus"
a82b19f9-f872-4ae5-90e7-3d41228926a3,Roodel,6605.26,"Soup - Campbells, Classic Chix"
df8641e7-85ae-45a0-971a-3d2ea4c36f77,Photospace,8894.39,Shrimp - Black Tiger 8 - 12
ec3d0fd0-d763-4fec-a786-87838515ec9e,Nlounge,3029.65,Muffin - Zero Transfat
fc097410-9668-4921-a4da-024c668e7103,Fivebridge,532.69,Soup V8 Roasted Red Pepper
a1c16682-c000-4180-8b05-48632d007899,Centidel,8431.37,Figs
70b8a5de-88b6-470c-8583-230b7125218b,Feedbug,443.35,"Sole - Dover, Whole, Fresh"
f4e36a36-7de8-4d5a-9fe3-3786f195ee44,Innotype,9985.99,Calypso - Black Cherry Lemonade
241f9772-0aa5-4f3f-82ce-adfbaca1e4f9,Jabbercube,164.39,"Ecolab - Orange Frc, Cleaner"
bb9fe859-21ed-483d-bacf-a5a57d9eecab,Flipstorm,6536.21,"Juice - Pineapple, 341 Ml"
794d80b8-f5e1-46a9-9ca3-d4a8d7965d56,Zooveo,4272.48,Pastry - Cherry Danish - Mini
1aee5ac8-56e4-4ad9-91c7-5d3f7b8a1152,Zoombox,8481.38,Boogies
b98ca335-d745-4604-a033-715c058b0bca,Linklinks,3140.29,"Radish - Black, Winter, Organic"
bff5c507-90db-4281-80a2-ef03f6d61ae7,Jaxworks,121.15,"Capon - Breast, Wing On"
71c4e9c4-8dc8-48e1-8d3b-88661bb117cd,Youspan,580.15,"Cheese - Brie,danish"
4637b0ac-a67f-41d5-bc02-05b9cacdf86e,Riffpath,5057.98,Bacardi Mojito
9a7cc17c-2c0d-4b53-a9c1-8ede616cf380,Fivechat,9619.94,Wine - Marlbourough Sauv Blanc
b9df40e6-d244-44fd-8fdb-c922b656d94d,Edgeblab,3457.08,Sole - Iqf
1a656d8b-3227-4fcb-bd42-b6c368ee60c1,Talane,2490.9,Onions - Spanish
234edf21-0216-4d95-989a-ac8f3bbc5fdf,Demivee,3451.93,"Leeks - Baby, White"
19d75811-b196-4ede-b710-40561bd08188,Livetube,627.08,Cilantro / Coriander - Fresh
fe1da2a4-7b74-4ba3-bed2-e8784ce3bada,Quamba,8917.04,"Soup - Campbells, Minestrone"
c1775ca3-c71a-4bee-8512-d684a16963b1,Rhyloo,768.88,"Clams - Littleneck, Whole"
1e02943a-2259-46df-a1d6-706535fc2a04,Oyoyo,6496.47,Chickensplit Half
b7b4cb04-bba3-4645-ab1b-8d5786af497b,Dabvine,8701.83,Cup - 8oz Coffee Perforated
a646959b-e506-4bb4-993e-d90238132b89,Gabvine,296.64,Potatoes - Peeled
b3c45fa7-1621-4bd4-a196-e6b06d39edbb,Skivee,6236.38,Extract - Lemon
501f7c56-846e-47c7-8772-0f7184715501,Avavee,6490.71,Tea - Lemon Green Tea
f1f735c0-ed77-40fe-8f27-fa9100f64e21,Devpoint,13.86,Salad Dressing
f1f9944f-c5b4-4083-9f5f-c6dfe39dcfd3,Podcat,3111.83,"Zucchini - Mini, Green"
561a1c24-a6ae-4926-87e4-5a2fa5822c38,Oyope,1239.08,Cherries - Frozen
fe4de8b9-dedb-47a6-b6fc-e2b417975515,Miboo,6807.39,Maple Syrup
47cfaa9d-ff4b-400b-9bb1-2c631433f650,Photolist,4519.28,Syrup - Monin - Blue Curacao
bac0d448-3188-4ed2-ba5e-80ccebb07b79,Roomm,5936.58,Blouse / Shirt / Sweater
d5a55462-c284-4083-89d0-4c67be9f11f3,Devbug,652.17,Island Oasis - Sweet And Sour Mix
d0fed314-7a36-4442-8e7c-f762212e6bd2,Skipfire,1786.79,Wine - Pinot Noir Pond Haddock
ad1f4670-5190-495a-a146-223d62e17aaf,Thoughtbeat,5697.23,"Butter - Salted, Micro"
6ea5694f-9671-4b92-a2ef-5b61c0eea2de,Youbridge,7383.63,Bread - Kimel Stick Poly
c899aaf2-64e9-4f05-8eb2-f4595dcf0640,Pixoboo,6921.9,Pepper - Green
b3b61f37-f10c-45a9-9668-f99869111139,Jamia,8015.15,Garbag Bags - Black
8c6f0f4f-46dc-4993-98b4-5536123b1609,Brainbox,8671.88,Wine - Ruffino Chianti Classico
b930d735-8648-4ca2-936b-91655085bc5a,Meemm,2908.48,Muffin - Blueberry Individual
97af6434-e00f-4722-901d-6013293d2c97,Voonyx,7380.09,Wine - Beaujolais Villages
edb2c146-769d-473e-9c3e-5c7835dd93ac,Skidoo,6343.69,Olive - Spread Tapenade
666bd772-2979-43c2-9f4a-47a8ca6ae303,Yamia,5075.67,Wheat - Soft Kernal Of Wheat
90abcb7d-14e2-41d7-b14b-82a0e06d8348,Blogspan,6525.21,"Bread - Roll, Canadian Dinner"
5068df75-de19-438c-859b-8cbeb438c13a,Einti,8705.33,Cup - 4oz Translucent
8482abcd-49f2-4475-bec4-d29608d92ef1,Photojam,2745.36,Orange - Tangerine
196591fd-ee24-49d3-92b4-af7d6b228284,Babblestorm,2132.78,Pastry - Plain Baked Croissant
2f735c48-2615-4144-9740-13aac69f64e5,Linklinks,93.72,Wasabi Powder
4fcc876d-5a2e-4685-b085-10f8e5ee9f55,Eare,4860.43,Longos - Lasagna Beef
f4d4f9f8-cc37-4803-84b9-e666fd27a1c2,Jamia,3607.33,Juice - Mango
e867078c-5304-4b18-acc7-a69c86937dd1,Shuffledrive,6492.49,Cloves - Ground
9bcc9fdc-1525-458a-a8a3-c8c8f6e67aba,Jazzy,4333.89,"Rice Pilaf, Dry,package"
c08f71f6-8de4-47c0-aaf7-678e79b49913,Skinte,4633.47,Wasabi Powder
82d2bc41-86f8-4bda-adf3-ecf6c0f4fe8c,Npath,8064.41,Food Colouring - Green
35814579-ca14-4759-9a38-66b61482d461,Oyondu,8769.59,V8 - Tropical Blend
a641085b-88cf-4b57-9e7a-c929de7abd8b,Bluejam,337.55,Sauerkraut
bc7ecac3-cd07-4590-8ef0-e76eca65fd22,Brightdog,312.5,Oil - Peanut
68bdbf4a-98b1-431f-a5dc-7354ecf994c5,Meezzy,3913.23,Bread - Olive Dinner Roll
d2de3ad5-6b77-4773-b4fa-10ead6894102,Edgeify,1823.28,Puff Pastry - Slab
04b40f68-d147-434a-a9c6-35c13430f5f1,Avaveo,3164.21,Olive - Spread Tapenade
0f38bfb4-7e51-4a8a-98ba-873e1abf9140,Snaptags,4382.96,Cleaner - Comet
b16248c2-9135-4ecc-bf89-cc25819f5ed2,Gigabox,3093.03,Wine - George Duboeuf Rose
f58677ec-1702-4899-8d5b-5c5fb9387c14,Quinu,2588.6,Lady Fingers
9b8150d9-3d1a-4e7b-95a3-f996aef520ad,Reallinks,9670.31,Cheese - Roquefort Pappillon
9ab532bf-c7a5-4975-91aa-78a4672c3bf1,Bubbletube,7857.49,"Oil - Olive, Extra Virgin"
3ba649e5-87f5-4dc5-b516-7c41c48655ce,Lazzy,2113.29,Table Cloth 54x72 White
b9e3386e-3a83-48c4-8388-d7d9aaf75fa3,Skibox,2579.95,Bread - Wheat Baguette
3704f275-8a74-4d66-9132-e3d0f63ad133,Thoughtsphere,3776.08,Sultanas
63f33e7b-ef1b-47f3-a2bb-9d4b97545598,Jabbersphere,804.42,Bread - Petit Baguette
161b88d7-08b7-49d7-92a2-6f114b543ef1,Thoughtbeat,7080.25,Extract Vanilla Pure
82fd79db-80e5-48a8-bd10-1efb49d42ba7,Dablist,2066.37,"Pasta - Spaghetti, Dry"
15edb15c-a2fc-4ba4-9e0e-552b49572dfc,Jayo,5091.3,Chocolate - Dark Callets
5ea3caad-68b5-426c-889e-914e889546d0,Centizu,968.19,Nantucket Orange Juice
357f5a14-9edb-42ad-afcd-053aaf6b72b3,Skippad,5980.56,Veal - Heart
b292886d-80de-4c34-924f-ec12c6c8a611,Voonder,5505.02,Butter - Unsalted
542f6b60-3217-4fd5-b302-bd3a7544c35c,Meeveo,8577.27,Longos - Chicken Caeser Salad
8e27b3cc-c59b-4bf8-8228-eeb334f7b98d,Jatri,5768.78,"Lemonade - Black Cherry, 591 Ml"
e8ae2b79-7549-4884-aba2-40c1cd03934f,Riffpedia,7658.52,Truffle Cups Green
3f42af5e-3460-4a42-a545-c7ad4f1cc9f8,Oyoyo,5662.3,Huck White Towels
de0d88a5-db41-4347-b22f-19a85d36376d,Twitternation,6278.18,"Bread - White, Sliced"
720330bd-b6fe-47a1-a259-495d45ad574e,Youtags,1846.44,Coffee - Decafenated
f0f58c75-b055-4267-818c-7265d6793071,Tekfly,3177.14,Coffee - Hazelnut Cream
fd98a071-718e-4eb7-8e52-f9d3fcb7bf33,Skibox,838.6,Dried Apple
671b1d27-c1d2-44fe-8c37-13f9aed7a3d4,Youtags,3406.89,Curry Paste - Green Masala
8656ed1d-a0b8-462a-b0be-dfc520c7075d,Realfire,211.89,Hipnotiq Liquor
46282668-83fd-41e0-92a4-7d792b115ca9,Youtags,620.24,Bread - Multigrain Oval
83d4eaf6-a864-4526-8540-d69d417bf5a3,Babbleopia,5218.98,Rosemary - Fresh
2130b279-f9bd-400e-bd75-f34684da7258,Youfeed,9265.98,Bread - White Mini Epi
99f0c433-cd77-4a4d-bca0-4bc2fcea50ed,Dabvine,972.43,Icecream Cone - Areo Chocolate
8bac960b-885d-4740-8dcf-51fd5f62a89d,Livetube,3289.48,Wine - Tribal Sauvignon
fdfd4709-2cd5-41a8-9b00-270c95294b83,Topiczoom,7668.27,Flour - Chickpea
e4ab01bc-e6ce-474d-acb2-9fe20e883fc0,Eabox,1670.86,Campari
2a500cce-1030-40b1-a2b6-2727142671d2,Zava,5690.12,Pail With Metal Handle 16l White
e1383b67-38f1-4e79-8fb8-5b3afb62e74c,Chatterbridge,207.61,Beef - Short Ribs
0e2208e0-3df3-4fe0-a19b-372b54a9dabb,Jaxspan,6080.68,Duck - Whole
926e4630-af1e-40b0-b6c9-74eb153e2225,Meezzy,799.76,Bread Base - Gold Formel
ab8a42ae-e65e-4e34-98ef-016d5abecee6,Shufflester,5941.65,Sprouts - Onion
c908a7f5-6b96-4e70-bb63-37f9cb53ffdf,Eayo,7207.08,Veal - Ground
a46b6376-e9fa-4a52-a70b-21aabcb367f8,Dabjam,1314.16,Island Oasis - Peach Daiquiri
1bb5f8ce-b013-44be-9b60-bfbbee7e3e4f,Youspan,7058.66,Kellogs Raisan Bran Bars
dfbf0568-1a35-4d97-b3d8-f25b840aee9a,Roodel,3855.97,Coconut - Whole
edc6bd73-26d6-4ffb-ab60-9e9e63066405,Myworks,3512.82,Oregano - Fresh
f180d3a3-f4fe-4cf5-8a0e-ecf76c2d0016,Twimm,4726.39,Hagen Daza - Dk Choocolate
64de39a1-4018-48bc-9025-2825d6da7ea2,Gabtune,6736.15,"Nut - Walnut, Pieces"
37c6a854-f0a1-403c-aa05-9f3fdbae7a65,Meembee,324.48,"Jam - Blackberry, 20 Ml Jar"
14cd7953-e704-4e19-8f50-f5cc24b67feb,Ainyx,3898.41,Grouper - Fresh
c7b8ff92-3d4c-4c0f-a19d-e609bae3b49f,Oyoloo,7460.61,Wine - Soave Folonari
6b73fc79-896b-452a-81e5-4e1a4b6ff676,Topicblab,6160.53,Pork - Smoked Back Bacon
dc097b3d-e071-4e73-b3bc-ce60a0d1ed67,Voomm,4729.46,Hot Chocolate - Individual
bee8a8b3-9ed5-436c-869f-52592ad0327e,Skivee,6380.21,Chocolate - Compound Coating
a19f5cad-a0cb-403d-bcdb-2529f41ecd6d,Zoonoodle,1477.67,Bamboo Shoots - Sliced
3155e15d-2d18-414b-af1e-e4acf382fe57,Youbridge,9795.29,Wine - Masi Valpolocell
02a212a3-a6d3-467b-93ec-a80ed421d1ff,Dabfeed,2133.81,Muffin - Blueberry Individual
abf3c696-77b8-49d1-83a2-cda349bad6c8,Yambee,1726.71,Dr. Pepper - 355ml
dfebc19b-4cfe-48be-988c-038f8d2408f5,Youtags,7263.71,Magnotta Bel Paese Red
5499e9ca-af61-4d1f-8d12-4b672e64ec35,Voolith,5535.11,Duck - Whole
7763f80d-ad36-4ca4-9057-892a1cdef3ed,Divape,1346.18,Squash - Acorn
690d1be0-7b97-4dc8-885a-cf3cedfb7cfe,Bluezoom,7305.88,"Tomatoes - Plum, Canned"
b12124d8-5f4e-4049-b2f8-f59c4396950f,Wikizz,648.98,Juice Peach Nectar
a5ff808b-7518-463d-baab-54067a6f0438,Photobug,8197.04,Sprite - 355 Ml
c1ab0cc9-6d7a-4228-b1be-05d057b936c2,Youtags,8046.67,Veal - Nuckle
80c7d86c-c7fa-4711-b92c-e01b50517f6f,Omba,4463.39,Compound - Rum
7740ce38-9a22-4c3b-81c4-9a10fdd275d9,Livefish,1202.35,Flavouring - Orange
3d923139-41f2-419a-a880-d492638e10e4,Yotz,6472.68,Rice - Aborio
20a6d323-e0ff-4e23-ae86-48d266ebac8c,Twitternation,3666.26,Cookies - Englishbay Chochip
6ad22d6a-fdf0-4027-b392-6c31690a88cd,Skajo,3365.34,"Vodka - Lemon, Absolut"
c6481a87-a38c-4714-8851-1d68c1410175,Digitube,1851.26,Chicken Thigh - Bone Out
2c1d5fa0-cf6c-40a7-aeb7-729951349d6a,Zooveo,2817.73,Wine - Alicanca Vinho Verde
0b4020d7-ebfd-4197-8b59-c615b7a017c6,Wikibox,6655.79,Stainless Steel Cleaner Vision
5c0363e8-1d8d-48e9-9125-f3402c7aeacd,Midel,8493.74,Pasta - Agnolotti - Butternut
81e73131-8e4e-4d5f-ac5d-910ed8ee4e7c,Brightbean,5077.8,Hot Choc Vending
3262d32e-d679-43e5-95a8-8fff47a00f14,Flashpoint,5980.21,Rice Wine - Aji Mirin
bab09cef-664c-4216-9beb-e9232359db3c,Jabberbean,7991.08,Wine - Magnotta - Belpaese
87eb52d4-2ca1-4728-b49b-b637716d384a,Vitz,3186.21,Mustard - Individual Pkg
e9919161-ba4d-4109-8619-5e49af928f8c,Realpoint,6461.4,Puree - Passion Fruit
45d85c25-0a1c-4e1f-9129-def7eb350c26,Jaxnation,1360.7,Bread - Italian Sesame Poly
b1746cd8-63b8-4af8-b343-366e75726759,Wikizz,2113.76,"Juice - Tomato, 10 Oz"
b00f775b-b683-4025-bf47-2ba57c5724df,Wordpedia,8175.88,Spring Roll Wrappers
5ea7fd9c-b34c-4fab-b995-c42930ca3d42,Yadel,7977.78,Ginsing - Fresh
2b0c584f-f16d-4cd7-b413-7d2bf270d7e4,Pixope,7344.11,Bread - Italian Corn Meal Poly
9174c7bc-edf5-4a8f-9b92-758bf270177d,Buzzster,9378.74,Scallop - St. Jaques
fe54beed-ed18-4730-946d-2411e4cc0934,Meejo,3730.97,Muffin Batt - Carrot Spice
d2ae2ed7-c737-4c7b-8324-aa50f2150c6d,Tagfeed,11.87,Aromat Spice / Seasoning
58073cd2-9485-4cd2-acfe-275a9af3ed09,Buzzdog,3171.05,Pie Filling - Pumpkin
ada2f08a-4e42-4088-92dc-4109269b099b,Kazu,2829.39,Pepper - Pablano
7df8f893-9ff8-4118-b176-5ff4f305c798,Yambee,1128.73,"Coke - Classic, 355 Ml"
64697c9e-5243-4cf7-89ae-4f05d97d0053,Edgetag,8938.54,Cookie Trail Mix
55fadbb4-6e03-43b1-8b3f-f83c9da9829c,Browsebug,1164.11,"Pasta - Shells, Medium, Dry"
50c43169-a8de-4149-b6bc-6ec2c3a76b12,Topiclounge,513.42,Wine - Magnotta - Belpaese
844bc4db-6bef-44f0-9b77-44a5ece5f6ca,Vidoo,1827.95,Cornstarch
9a6e0b4c-81d1-4432-bc71-5654122a0321,Realmix,2639.95,Wine - Vidal Icewine Magnotta
073dc71e-0d6a-4d58-b840-08d1a329390a,Zoomdog,1131.52,Snapple Raspberry Tea
657bbc4d-ca68-4aae-9f53-9237e43b5649,Dablist,4500.52,Eggs - Extra Large
3fcd5c17-db68-4e62-add8-3a14ba1fc146,Thoughtsphere,1492.85,"Crab - Blue, Frozen"
f3f3817f-bcd3-404d-94a9-cd97424a7c4b,Browseblab,6037.2,Calypso - Black Cherry Lemonade
f9e57552-4e08-42c7-bb90-9a6a7655bebd,Fivebridge,8045.7,"Rum - Dark, Bacardi, Black"
39f6a397-b094-48d4-894f-ee4c735dddfe,Linklinks,866.39,Shortbread - Cookie Crumbs
64f3b0e5-659f-41fb-894c-f6ac833b5fd1,Blogspan,2719.32,Irish Cream - Baileys
f992d8a8-d705-4ca8-a1df-87b074f607b4,Twiyo,4402.76,Sprouts - China Rose
6f6e6801-ec11-4bf9-9aa6-5d0dc9588791,Trilia,5847.33,Banana
6532817f-4e91-42e5-9ee4-e6dded277269,Eadel,1871.76,Wine - Black Tower Qr
bf95a0d3-4235-4574-a4c1-39583f1022ac,Thoughtstorm,3286.35,Potatoes - Idaho 80 Count
21b59b72-66a2-4769-bc63-be626a4408a8,Photobug,1877.46,Sauce - Oyster
0400f8f6-1a94-439e-9195-4eb5b94362b4,Kamba,5827.62,Muffin Mix - Banana Nut
63b3ec3e-e587-4ecd-ab51-90df7840fa0c,Pixope,5506.39,Cheese - Gouda
7a6b9b4f-0cd9-4da2-9e70-9e79d4efc818,Devpoint,9967.16,Table Cloth 91x91 Colour
39a0a3df-a31f-4b18-85c2-79dd5093f2de,Yombu,9317.25,Pizza Pizza Dough
6157aae0-0142-404f-a56a-77e7c2eeaaf3,Jabberbean,3556.46,Syrup - Monin - Passion Fruit
612b77cd-38e2-4f89-8f72-aa01b2532cb8,Dabjam,6011.45,Wine - Rhine Riesling Wolf Blass
c2519501-8513-416f-ab52-a52598c42398,Fivechat,3218.03,Swordfish Loin Portions
e0a00d45-0395-4a9d-9b36-3a0f2d61e065,Livetube,4989.93,Raisin - Golden
cbb595f1-825d-4bee-818c-dc33b718331d,Devbug,827.59,Teriyaki Sauce
bab537be-ce8d-45f7-9b6e-e7afd7e3e0c5,Dabtype,5976.49,Wine - Savigny - Les - Beaune
7e6e0f4c-7ef3-470c-a8af-aff1b606c251,Realmix,2918.5,"Tomatoes - Diced, Canned"
b041db55-af59-4e0e-a29e-0621beafce19,Skinix,3735.66,"Pasta - Gnocchi, Potato"
3cc2eecd-71ae-4367-a7dc-4fe7390fa7ea,Kazu,5599.3,Lotus Root
df9759d0-3701-433b-a4a8-6d799cd2cd0f,Fivespan,4404.03,"Juice - Tomato, 10 Oz"
6981dd4c-d35a-4702-84bb-545b80749295,Skyvu,2494.75,Pectin
a28d6fe5-f60f-4225-a660-559433c14254,Leenti,4494.38,"Juice - Pineapple, 48 Oz"
6306f9e4-4713-4945-8302-21b7a3df49e8,Mynte,750.56,Sterno - Chafing Dish Fuel
51af95e0-4e1e-4de0-b643-eeff990e4cf8,Trudeo,8994.13,Jameson Irish Whiskey
56fd3e6c-3a64-4736-af1a-4805d835a8e9,Feedfire,9746.7,"Lemonade - Kiwi, 591 Ml"
a790228c-03bc-4d40-9d51-fdd94698fdbb,Jaloo,8887.93,Soup - Campbells Chicken
dbe48dfb-64a6-471d-ae9b-957344db5c59,Digitube,5719.78,"Water - Spring Water, 355 Ml"
3c70ef0d-992b-4d6d-b4bb-cc9b1e98c0d2,Riffpath,6881.91,Taro Root
0c608b3c-1798-4292-9a64-cc6861674600,Realfire,2670.33,Beer - Original Organic Lager
d57537ff-a51f-4ed7-9561-468ccaec0de8,Lazzy,9427.93,"Soup - Campbells, Classic Chix"
c1f4a784-f7dc-4f25-91c0-cc52badd8443,Oozz,2341.76,"Bread - Roll, Italian"
222c1e71-5d39-43dc-b11e-f98c69d7af19,Devify,6914.66,Bouq All Italian - Primerba
bef59b94-b815-43a3-9691-6d5f3f33325c,Divanoodle,6659.89,Longos - Chicken Wings
484a0682-b5ab-427b-91d2-f981735a80df,Twimm,5546.51,Icecream - Dstk Super Cone
ffa811e6-8604-4be3-a3c3-726262dfb1db,Tanoodle,1651.86,"C - Plus, Orange"
abfb85de-9276-42f0-88e8-bb92c1ca1015,Linklinks,8852.08,Soup Bowl Clear 8oz92008
2130e41a-3f96-4368-8367-d376bc7bb29f,Chatterbridge,9090.31,Wine - Gewurztraminer Pierre
45a226b7-3f82-45f9-8b74-98a41c41beff,Eayo,6023.95,"Lamb - Shoulder, Boneless"
bdd1f711-3c4b-4116-984b-fa2a7d946c6f,Livefish,1509.65,Lamb Leg - Bone - In Nz
76a89243-203f-4817-ad24-0a8cff4f2529,Skiba,4287.39,Bread - Bistro Sour
4b473ab9-0941-4de6-a96c-595cccadf90e,Trilith,1900.58,Mahi Mahi
1b99fce1-59a6-4391-ade5-006fd6c484f1,Gigabox,7880.19,Soap - Pine Sol Floor Cleaner
c8b36183-327a-4c25-a50b-33bc3ab944c4,Quinu,5008.69,"Wine - Red, Concha Y Toro"
298acd23-0c81-4d54-967b-4e6b4fa1b66e,Fivebridge,561.48,Oil - Hazelnut
2a17049b-5c63-4a36-886d-e7d5473dcf67,Jazzy,6107.53,"Club Soda - Schweppes, 355 Ml"
643675c3-ea52-4bb2-9767-76905b147e9b,Skimia,2961.02,Mushroom Morel Fresh
fb3cbb15-d598-42f6-ab9c-b7208845c1da,Bluezoom,9341.81,Tea - Lemon Green Tea
c0c53674-ea29-4ff5-b31d-dabccfc9a9ba,Gigazoom,8920.47,Muffin - Carrot Individual Wrap
079e8e1a-841b-4e82-bb58-286f88794f8a,Camimbo,1981.33,Bread - Flat Bread
6da4d139-872d-4c41-a4db-00476abeda2c,Lajo,9682.53,Bread Base - Toscano
55901821-9367-46ca-9ac5-f0dd422e9b5e,Brainverse,7257.84,Triple Sec - Mcguinness
85d8cf14-3eee-49bd-b535-05ddb9500123,Kare,9572.29,Sugar - Individual Portions
f0869470-ebd1-4914-86d7-506155dea5b3,Yakitri,7285.76,Cattail Hearts
64c482fe-bc84-470a-8f25-64ca4cf9fe04,Jabbersphere,3672.91,Lemonade - Pineapple Passion
5c72c8db-0837-471a-ac27-b19d53d95c45,Yodoo,96.94,Table Cloth 54x54 White
fa6d1871-8636-4118-bbfb-d12a6aac03d8,Layo,617.52,The Pop Shoppe Pinapple
088b6491-177e-461a-9fba-8a66802db65e,Tazzy,2012.06,Wine - Two Oceans Sauvignon
9c075223-7ded-4379-ac6d-e795d967ef76,Voonyx,9257.62,Carbonated Water - White Grape
2a876dae-46a3-46a2-86d0-862d8138e4f5,Meejo,834.61,Artichoke - Fresh
d3f45541-5b28-4c97-a8c7-69c133a62724,Eayo,2956.77,"Salmon - Atlantic, No Skin"
33ba63ac-2fcf-4c69-8cba-f7c81839b018,Twimm,2501.24,"Placemat - Scallop, White"
4b4ca4d6-0ad2-4643-b22a-5764dc1716dd,Skaboo,3948.75,"Crab - Blue, Frozen"
b7dc5b11-ac24-445e-9895-6c0e26adc48e,Feedmix,4510.31,Sauce - Sesame Thai Dressing
52024fb5-8ba0-4d8c-add0-e8ea7ffa6fb2,Vimbo,3027.01,"Tarragon - Primerba, Paste"
ee3d5036-4841-4627-a9a6-f7f86f392675,Camimbo,5274.99,Milk - Condensed
f0cd111c-83f6-45a7-b36e-946f91556f2b,Plajo,7606.66,Steam Pan - Half Size Deep
e6609b3f-d1b3-4e96-926e-d66287138792,Shufflester,178.27,"Shrimp - 16 - 20 Cooked, Peeled"
ecff2fa6-378b-4883-913e-5efb351e9373,Rhyloo,1538.09,"Gingerale - Schweppes, 355 Ml"
30af9c47-e11e-4d8a-8aa8-08f2b6910d94,Yacero,7210.75,"Flour - Buckwheat, Dark"
e216abe9-37fa-409a-8323-9fa04cd28a64,Fanoodle,982.22,Wine - Casablanca Valley
72c33264-ba67-4e0f-ab05-bc7a3961f504,Browsetype,1167.87,Beer - Maudite
8e06703f-2301-46b2-b347-084da49e923d,Feedspan,1595.42,"Lamb - Racks, Frenched"
24308198-10de-4808-9e73-6feef60ea899,Zoomdog,9303.6,Beans - Fine
69d68db3-71f0-4179-83fc-140dddc8f27b,Zoonder,496.5,"Coffee - Colombian, Portioned"
00667402-a347-4ef7-8db2-41125eda318e,Edgeblab,3905.51,Apricots Fresh
346ff2a6-751b-45dd-8333-69bf8470778e,Skivee,2176.33,Nut - Pumpkin Seeds
56e40a32-d26e-4aa2-a150-7b200289bd46,Tagpad,6199.32,Pepper - Red Bell
a9af18bd-f6e1-40e3-982e-a28bac4ac767,Photofeed,7910.64,Soup - Campbells Beef Noodle
aeacec95-29a1-46a9-8e3d-7fe3783f1d6a,Centizu,2151.68,Oranges
e45e98c6-95be-4c03-86d2-235160152d21,Dabtype,5184.94,Lamb Rack Frenched Australian
38faf0ce-6f15-4c57-b12f-eec07bca6aae,Yabox,2346.96,"Chocolate - Pistoles, Lactee, Milk"
fa31db6b-ec5f-48c9-8c9c-41b60e4a6a1e,Mynte,5127.59,Smoked Tongue
a23fbc03-7414-486b-9d41-bd1cb2d31ed5,Feedfish,4538.64,"Lobster - Baby, Boiled"
23e79ada-d767-4412-b01b-8bd215a160cf,Jayo,9362.14,Fork - Plastic
e357ecfe-6f2e-4ee7-8689-478e322ad8d3,Zoonoodle,3759.14,Appetizer - Seafood Assortment
00626884-3aa5-4a17-9ebc-10bf1bf6b4c0,Twinte,4073.84,Haggis
b6cec7f2-8fc2-49d2-a49d-631f3bb46cfd,Devshare,4184.07,Monkfish Fresh - Skin Off
1f064acb-af2a-4704-89ef-2e7cb70b5fc6,Chatterbridge,1615.2,Bulgar
e74cb829-e980-4a4a-81b4-196e2b140432,Divavu,1971.55,Cheese - Brick With Pepper
735feef2-e7a5-4a3b-bc19-6a367b00fd7e,DabZ,1994.84,Pail With Metal Handle 16l White
7013d23c-4800-45eb-b6af-1c05b0654207,Kaymbo,100.92,Magnotta - Bel Paese White
45cb9da3-cd46-4cdf-820d-c225d3fc15f2,Zoomlounge,6980.15,Appetiser - Bought
2b3696d0-669e-489d-8d3a-3bb6c31abf84,Yodo,9547.32,Tomato - Peeled Italian Canned
16ec226d-c5f3-480e-931f-8dde9a0ec8b6,Meevee,5055.99,Paste - Black Olive
2438f34d-b9d8-4b83-8874-80f31ce8f344,Shuffletag,2040.62,Water - Perrier
c1ff536b-6b85-40d1-b49d-1d181f973d1c,Edgeify,1307.24,Wine - Spumante Bambino White
474c0e7b-d7e8-4ba8-ba62-59ca159ca13b,Fadeo,5023.15,"Wine - Magnotta - Red, Baco"
8cb65945-9027-41ff-ab77-305f5b2b7a95,Viva,9087.58,Salt - Seasoned
669c741a-764e-4890-a36b-b5298ab0fdce,Zooveo,7504.51,"Doilies - 10, Paper"
d5ce97f8-d7c6-4ade-bf8e-1786a8e1fff8,Edgewire,245.13,Pepper - Yellow Bell
52d14ee8-3312-4e60-8ccb-f3f59f2eefae,Jabberbean,6844.23,"Beef - Tongue, Fresh"
c0fb1823-5a7f-4db4-a4dc-a12cfbb13b26,Abata,3396.22,Cheese - Cottage Cheese
d96381cf-7753-4bc7-9eee-2e2b67c9b28b,Jazzy,6447.1,"Asparagus - Green, Fresh"
abf671d8-b795-4803-bac3-771c717c6d8c,Twiyo,9037.81,Table Cloth 91x91 Colour
b21caf60-39fa-4cfd-84aa-6bea0c623b2d,Oyope,4428.1,Oil - Olive
d590104e-a004-47d3-bde0-ec1b66922558,Edgewire,929.09,Grouper - Fresh
b8397159-7a1b-4e63-a2f6-76e7c8ff7816,InnoZ,2063.88,English Muffin
36799492-4d8f-4159-a0ec-b0108d78d619,Devcast,3640.27,Muffin - Mix - Creme Brule 15l
defff334-6a55-41bf-a506-ef00f77e2697,Jayo,5843.37,Pineapple - Golden
e4eb3e75-422f-44bc-807e-0ac0b06885a8,Voolith,5860.29,"Vinegar - Balsamic, White"
53879e97-1790-4cb3-af10-dc9af215607e,Rhyzio,159.18,Steamers White
699e8f04-ddef-4a9d-8c04-fd4ff30656fd,Leenti,2388.3,Appetizer - Seafood Assortment
64b73f3f-543a-4f30-923c-d0af116ce8fb,Dabvine,3792.12,Vector Energy Bar
61259f61-fb9e-4760-8dad-359359d8ca80,Flashset,1313.83,Cookie Choc
bf1c148d-0af3-4506-a693-1e619d8a1e70,Kwilith,7213.2,"Veal - Chops, Split, Frenched"
be15959e-fafe-4cb7-85cc-5f368b993b82,Centizu,1912.64,Chicken - Leg / Back Attach
b5f63a2f-08b4-47d4-a95c-7e6acffcf94b,Wikizz,3182.51,Beer - Maudite
3c72cd51-57a1-413d-848f-f3ea8d721b01,LiveZ,5644.12,Cheese - Swiss Sliced
e77f4cb6-8fa1-4859-ab8f-a46f366a1cac,Skilith,6946.34,Mushroom - White Button
0fcc3f69-a7ef-4b2a-91e9-ed76122fc3b9,Edgeclub,1520.84,Cups 10oz Trans
52ccf4ca-ea3d-4c04-9896-2b310c3e299d,Shuffletag,1591.27,Coffee - Hazelnut Cream
438bbcf4-d919-4a53-aa85-2780c27169e2,Yata,4956.62,Soup - Chicken And Wild Rice
9548d800-9b6b-49c9-869b-056a6387fc92,Flipbug,8120.52,"Lemonade - Black Cherry, 591 Ml"
8b80d558-68a8-4451-a5a4-c32d34c10a1c,Wikizz,8129.57,Rye Special Old
003487b5-4cd1-4e34-afdd-8d779c25a35b,Zoombeat,7411.69,Goat - Leg
f22b3457-6077-4778-91ea-8423f6b94702,Agivu,9660.01,Cup - 4oz Translucent
af9d54cd-447c-4669-a8fc-33b1bad22841,Eare,6750.57,"Trout - Rainbow, Frozen"
8596b414-c71c-4235-8aa2-3b72c49af1ee,Browseblab,7516.18,Chevril
5ba32817-9e17-4803-bf32-0ca0f44254ba,Reallinks,3540.24,Glaze - Apricot
6f10164e-65aa-4888-ba4f-e5cc87a40d74,Eidel,3390.39,Wine - Shiraz South Eastern
a932a617-a909-43f0-a0c6-9ee673bddf17,Katz,7417.44,Bread Cranberry Foccacia
95d5e5a0-11c2-438d-afb6-94bfc662fbc4,Bubblebox,6117.63,"Olives - Black, Pitted"
a166895e-b810-4ba1-8b9e-5dc512e206d9,Youtags,4170.05,Wine - Chateau Timberlay
8ff09c09-d0a0-4c25-8da8-0a982fdabe72,Gabcube,7117.47,French Pastry - Mini Chocolate
864ff1a9-79cd-46e6-b748-39a4d580f64a,Demimbu,9132.97,"Pork - Sausage, Medium"
e07f45d1-3d85-43dd-88d3-372ec2eb8e2f,Yadel,2929.89,Sour Cream
bf6af5f8-d47e-4f72-b5f8-7c4656b3acfc,DabZ,2379.54,Beer - Upper Canada Lager
57fb82c0-56b5-4ef8-bb9f-2ac746cc31aa,Twitternation,6664.75,Buffalo - Striploin
0137fee1-1fc4-4759-ad75-cbad68a70d11,Minyx,2200.33,Sproutsmustard Cress
a4afcb4e-0c17-4588-a895-b61001649310,Layo,9006.6,"Tendrils - Baby Pea, Organic"
a927d2f4-14e4-4ec1-917c-41986e45cbe2,Ozu,614.76,Tea - English Breakfast
9749a9ed-fc91-4b25-9842-0a4619b256b3,Cogibox,7139.63,Cheese Cloth
5370a2bc-5078-48fc-a7f2-a5104ab50a7e,Vipe,3283.07,Juice - Orange 1.89l
bf885f99-4801-49c1-9522-54fb07e78a2d,Twiyo,7552.14,Tarragon - Fresh
b5ec3382-ea3b-43b2-8955-773b58846012,Fivespan,8303.27,Veal - Striploin
6010ca0d-ae9f-4d6c-a29c-5e61cc5128fd,Twiyo,6405.44,Appetizer - Shrimp Puff
3df98fa2-6be3-4973-b9bc-5d4bae5c525d,Thoughtbridge,9590.08,Cabbage Roll
6857b86a-f59e-4b04-904a-a3ed5f766670,Meetz,5773.63,Artichokes - Jerusalem
368fc5b9-f21c-49e8-bcf5-2d54bc9da475,Meejo,7753.54,Cake - Mini Potato Pancake
2014efad-409f-4c29-9f39-9350f03477c4,Aibox,1337.09,Hog / Sausage Casing - Pork
68103dc8-fb23-4de2-a503-b3205bc00124,Flashpoint,4231,Lettuce - Green Leaf
20970f79-460e-44d6-bbcb-42d1308074ab,Jayo,9898.67,Chips Potato Reg 43g
f8ea228e-7697-4103-a412-e6122283edbd,Fivebridge,7742.16,Paper Towel Touchless
8f725520-0a01-4813-ab4b-b9e544f5ceeb,Riffpedia,9939.28,"Syrup - Golden, Lyles"
f170ba1c-9151-4b93-8d85-9f427cbacf90,Yadel,1341.04,Bread - Hamburger Buns
c76b35ce-4a84-4384-aaa6-f83a17c5c5c1,Chatterbridge,2798.11,V8 - Berry Blend
ad0cfa53-10fe-4e89-b458-ea3572899fda,Vimbo,3139.26,"Pasta - Spaghetti, Dry"
5df21335-52f8-425a-b9b2-4c671ad227d7,Abatz,9771.16,Chickhen - Chicken Phyllo
bb26576b-6c6a-4a0b-afb3-944cd3fb5b12,Skibox,6226.58,Gelatine Powder
ed957847-fb4d-4314-8bea-03d02a70b6c5,Roomm,6592.3,Hog / Sausage Casing - Pork
ac4e6374-b3b9-4c11-b05c-43b1a6814953,Realbridge,3145.04,Sauce - Hollandaise
bb7d9f8d-140e-4757-9b1b-1013e85bd193,Midel,7814.69,Sauce - Mint
b6567ab8-b4f4-4c0c-9e8b-2c11529bee72,Kwilith,5552.4,Snapple Lemon Tea
6c544b2c-ac07-4dbc-a6ed-7be928970de5,Fiveclub,7951.69,"Doilies - 12, Paper"
3ea4630d-9ab5-4d01-8251-28c3afceaaf2,Agimba,9198.59,Oregano - Fresh
2973fe70-c6ee-4ce8-8103-8718e03b5cd3,Devify,3238.4,Jam - Raspberry
a5564cca-d173-4ee8-848f-e82c2b3e3510,Shuffletag,7437.48,Pasta - Cheese / Spinach Bauletti
2dfa00ba-18bd-4c93-befc-d5e7b40ad85d,Twimm,7519.39,Gelatine Leaves - Envelopes
3352f09d-0f9f-4368-be55-771517c87964,Zoomlounge,4853.8,"Soup - Clam Chowder, Dry Mix"
e2f10ea1-d1b5-4296-87fe-a46999379dd3,Riffpedia,7196.6,Liqueur - Melon
500cf491-bfb4-49a0-8fc2-3508e8fff492,Riffpath,2065.92,Oysters - Smoked
9a02790b-9316-428b-8bce-186c8920b10b,Zoomlounge,3519.4,Whmis Spray Bottle Graduated
8ee8d204-751b-483e-a1e6-5228d4898c07,Midel,3446.28,Pastry - Butterscotch Baked
b4d008ea-70d3-4613-9f26-7809fc06ded1,Kazu,4790.84,Wine - Balbach Riverside
42cd5e83-12fa-4b8d-942f-16c8649a2b47,Mita,3813.8,Pepper - Pablano
4680bbd3-d628-4e3e-8ec8-d4d680ce34bb,Skinte,7933.28,Turkey Tenderloin Frozen
ed15c2a6-2bf6-4f86-8b88-d4a36c4e3e29,Yacero,1658.72,"Bread - Bagels, Plain"
267d4b1d-0daa-4324-ad3b-8c498cd3c545,Fivespan,1288.8,Crab - Meat Combo
82030218-9717-4a7c-b7e2-392de2482ef6,Wordpedia,1341.25,Muffin - Bran Ind Wrpd
4f9a1b0d-114a-4394-a5e1-27a1582d22d6,Skivee,8395.18,Apple - Northern Spy
133e7ef6-5ea6-4d7a-99f0-369cfd1e9883,Camido,9467.52,Fond - Neutral
e9437b2a-f9c3-4166-9746-1e9b7c181adb,Bluezoom,1299.96,Bread - French Baquette
fff9aee6-5c4a-4ab7-9171-76f7a2b41a6a,Tekfly,831.65,Beef Striploin Aaa
b1d63727-75ca-49b5-ba41-6208887a857e,Topiclounge,9363.44,Pie Filling - Pumpkin
f65b1cd3-791a-41a8-ad0f-93f305d512e6,Realmix,4508.81,Mushroom - Crimini
cc0ab29f-5aac-46ad-977e-d48b13683c9a,Oodoo,9946.38,Bar Mix - Lemon
69119011-782c-4e56-8981-4045eb1463d7,Shuffletag,645.36,"Lamb - Whole, Fresh"
dbddabec-17cf-4951-b778-fc389c4f0770,Topdrive,7909.72,Table Cloth 62x114 White
2588a2b8-36ae-496c-bc5a-fa5f7d8b2b44,Voonix,1570.29,Brandy Apricot
f157a36e-fece-4532-85f6-c564d0cb5896,Abata,1733.01,Mousse - Banana Chocolate
4d382b7a-312a-4357-ae6b-5c263dd1a6af,Ntag,4289.47,"Lamb - Loin, Trimmed, Boneless"
a349306f-e55c-46e8-bc12-f35f7640b57b,Aimbu,5642.55,Salmon Steak - Cohoe 8 Oz
7d45ca49-fdfd-4c83-9c0c-fdc8077eb059,Skipfire,997.85,Lobster - Base
5ee555cd-3dd4-4201-bc74-e128ac251242,Miboo,6761.29,Energy Drink - Franks Original
fa854af7-3e5d-4cc5-9082-d60b33ac9ee5,Plambee,7389.01,"Syrup - Monin, Amaretta"
ccb03ae5-b2bd-48af-a6e4-ec66c3524a8e,Skidoo,7718.4,Bread - Multigrain
90055a11-db89-4ec2-857c-275a44895d7a,Mybuzz,5877.05,Parsnip
5fa79294-587a-4daa-83a6-e7d7e33b3178,Skajo,6385.59,Cattail Hearts
df01dc4b-b9aa-4176-9d2b-2fc9da079fb9,Feedmix,3502.91,Cucumber - English
86d93253-1c0d-4b99-a7f0-627b5f9bf575,Fivebridge,5874.78,Sea Urchin
4b8bb38d-3b1c-4013-9d83-0116defd8fd3,Flashspan,1219.25,"Thyme - Lemon, Fresh"
b0ed7c22-c255-4070-9807-30595584826f,Agivu,6491.49,Coffee - Almond Amaretto
2f6eb55f-a7b5-4dcb-9d52-3e25c3b35e06,Kwideo,382.11,"Sauce - Soya, Dark"
eedc09d6-3ec3-4a21-ace1-c65ad8aa1b8a,Rooxo,4689.84,Pancetta
bf5ebef6-2b36-4ccf-a271-3088046bfe6c,Twinte,7805.15,Coffee - Espresso
471cc0bb-9cd7-438b-95ad-327d1abadacb,Nlounge,2204.81,"Beans - Kidney, Canned"
06f4230f-f53e-4025-adc9-e80823a009ba,Twimm,9874.59,Beer - Paulaner Hefeweisse
8c950cf1-3d08-4d1b-af7a-8346b2b43d5b,Zazio,7010.76,"Beans - Turtle, Black, Dry"
7a0b9a70-8140-48eb-a39d-043f81691349,Ailane,8069.73,Shrimp - 31/40
5dc06aea-701b-40c7-bc1a-471f0d80d393,Izio,2648.04,Frangelico
670bf865-4788-411a-a323-34cbc091cc97,Dabtype,5057.42,Cloves - Ground
3bf21552-dfae-4b1a-b3d0-97d12a6db433,Kaymbo,3605.76,Soup - Boston Clam Chowder
93b77525-4390-421a-b695-5cb5dd940189,Leexo,8285.4,Broom And Broom Rack White
21e2dd26-0bf7-4da6-865a-698f63f23002,Buzzbean,7036.2,"Cod - Salted, Boneless"
22671f7f-4415-412e-9f87-f48e24ce4e45,Babbleblab,2558.56,Cakes Assorted
c4bae42a-3c8a-4ec0-8f02-9c2a5ca2f75e,Lazzy,8710.08,Banana - Leaves
54b4b587-da6b-4994-ad72-4b71d6fdfc66,Skyba,2186.16,Wine - Montecillo Rioja Crianza
743dfda9-3eb2-4a61-a8fe-f23fddab22b0,Shufflebeat,3135.16,Ecolab - Hand Soap Form Antibac
ef34565d-4539-4d67-9b50-2f9452c477eb,Yakidoo,5012.1,Veal - Sweetbread
d8db0471-6ade-4ae3-b415-cb6a0f324adc,Vinder,5914.68,Carbonated Water - Strawberry
b9378609-c7c3-4ae3-a8cf-f13dac09485c,Lazzy,2394.21,Wine - Cousino Macul Antiguas
c962c05b-ffbf-4092-9dc8-49eb96e85b26,Devpoint,6406.46,Remy Red
b728e470-856d-47d1-8f1f-04e4b3ef3c61,Blogpad,5787.09,Wine - Magnotta - Cab Franc
33de03d9-cdac-495c-afbf-3be4bc819849,Tagpad,3279.01,Swiss Chard - Red
559df84b-6e8c-4eda-a6ee-2c76a0c0d911,Jabberstorm,5297.29,Jam - Apricot
b95a441f-9375-42f9-a787-8ef827a89fdf,Zazio,98.86,Veal - Knuckle
09cbdf51-8613-4c1a-8cdd-4a64325f35ba,Browsedrive,3840.3,Wanton Wrap
6c4c40b1-5ada-44a0-baff-01899eb2f393,Skivee,692.69,Cheese - Roquefort Pappillon
4f7498e1-a914-4efd-aa58-d5c48b0c0a2f,Mynte,6452.27,Langers - Cranberry Cocktail
9fc570a9-b633-4173-ae43-b68897e7defa,Dabshots,7898.63,Rolled Oats
2819ecfd-58b7-406e-ae04-df98e30f66a8,Devcast,1643.95,Dates
d531952a-58f4-4e8f-abc2-45c2e7d2b30e,Flashdog,7610.31,Oats Large Flake
263007d9-42a2-4a7a-8d0b-ca32056589bc,Thoughtstorm,1689.99,Oysters - Smoked
634f2b75-73fd-4cef-820e-09359b01ab00,Agivu,2072,Lettuce - Treviso
43fa52b2-e51f-462e-b44e-6d79705ed885,Rhyzio,166.65,Vaccum Bag - 14x20
397d422a-9148-4312-ae7f-aaf9ab2fcb4e,Skinder,3906.15,"Roe - Lump Fish, Black"
bf5441a7-53e9-4162-b77c-0647b9f8382f,Edgeblab,8930.37,Shrimp - 31/40
701278f3-b71b-4277-8fa0-476276d4ff96,Thoughtbeat,1715.35,Pomello
8eaed591-0c8d-407a-8568-fd83306beffb,Vitz,790.72,Thyme - Dried
3eb1e99a-209c-4c0f-b862-a61534b31f19,Myworks,5038.08,Cheese - Cottage Cheese
d1805bbf-c08a-46da-aafc-2afc503e1ec4,Topdrive,8042.8,Jolt Cola - Electric Blue
f29f8680-b702-42d4-919c-3743a2938c43,Rooxo,492.8,Carrots - Mini Red Organic
0fa8d980-ee08-4571-8e40-1ef430709be1,Blogpad,4022.94,Oil - Shortening - All - Purpose
cc65541c-ab1c-4e66-909d-43c3dd134b78,Geba,3579.5,Compound - Strawberry
b04b815c-d63e-4888-aa13-a73df5b32a5c,Zoonoodle,8528.72,Port - 74 Brights
28872f26-33ed-4954-a06e-c403a94586a8,Wordtune,8462.45,"Lemonade - Kiwi, 591 Ml"
bc691305-1ac5-43a2-890c-081eacb785ab,Miboo,6271.05,Cake - Miini Cheesecake Cherry
b440f9f2-1709-4995-a8ec-564d683692e8,Ntag,654.81,Tart - Butter Plain Squares
5f220225-d21c-4d57-b4ac-8259de10342d,Youtags,8343.22,"Bread - Pita, Mini"
cbb1acc8-dffc-478a-ad07-67705c5621c7,DabZ,8883.31,Wine - Fat Bastard Merlot
7174fef1-bc4b-4209-98dd-c4cf41daa68f,Jabbersphere,5646.28,"Lamb - Whole Head Off,nz"
b23c05ac-4159-439c-a1a8-b38ce3ccadc7,Wordtune,443.58,"Beans - Long, Chinese"
78a0aa22-0721-4baf-b6b3-be03e6bc497a,Mycat,1467.44,Carbonated Water - Blackberry
810fb432-8155-499c-842b-1928eace190f,Oba,6327.56,Swiss Chard
780b74ac-afcc-421a-b815-3557e530333c,Skilith,2683.12,Table Cloth 144x90 White
f1984cc6-a1fe-40c2-b58f-d8e31dc964ba,Gigashots,5266.04,Pizza Pizza Dough
520863b2-971e-4cef-b4e3-a7a3c7051e22,Linklinks,8115.2,Steampan - Half Size Shallow
db58ba27-989a-4640-b3e6-b6f0fc147deb,Rhyzio,5747.54,"Wine - White, Cooking"
da153b1a-be36-403c-8972-f3d86e463b34,Livetube,5833.13,"Syrup - Monin, Amaretta"
9591f19b-324a-44e3-a032-2679e3e73fa1,Dynabox,3403.64,Greens Mustard
60808d24-d8c8-474d-86d6-ad15500373f7,Plajo,440.7,Cheese - Mix
41b7352d-1fa8-4ab6-8682-6d2e0301ccc5,Midel,4352.94,Sage - Rubbed
277ae479-5224-42f0-a791-2d051f89c571,Blogtag,1482.45,Lettuce - Frisee
eb6e2578-14d2-4aa4-ba9f-60b056dc9a2b,Shuffletag,9298.69,Versatainer Nc - 9388
dcd431c3-c996-4566-9b74-098ea7fa0c2e,Gabvine,379.58,Muffin - Mix - Bran And Maple 15l
a392ce39-162b-49f8-979f-2fbff66e80d4,Chatterpoint,7346.27,Celery Root
0f1dce90-bdde-4ccc-96d5-e31815575bdd,Youopia,7024.5,"Pasta - Linguini, Dry"
0bcc7882-758f-4904-8e12-ad29ac07832e,Fiveclub,3109.8,Salmon - Canned
bba054eb-7979-417b-a716-a488efcf6679,Pixonyx,8838.81,Sausage - Breakfast
f7683e6f-b45e-4d8d-9a06-70b4fb273c9b,Rhynyx,8136.33,"Stock - Veal, Brown"
4a3d5e59-4bf0-468d-a3a2-2de49fa7b3e7,Minyx,7627.67,Cup - Paper 10oz 92959
bdaeb052-27c4-4c28-9fef-39a49a969049,Thoughtbeat,9640.82,"Cod - Salted, Boneless"
237dc13b-4fc8-41e3-8b3e-3c90048c6223,Skippad,4268.18,"Liqueur Banana, Ramazzotti"
daf6c03d-288d-4101-b551-1ca8433cc6ee,Skiptube,968.61,Oil - Margarine
00ce6af9-6acc-4079-af98-0c5b588a45ad,Wikido,3675.66,Creme De Menthe Green
3687880a-a079-4b67-b339-e30fb08d9078,Trupe,9122.35,Wine - Chardonnay Mondavi
67c4bfd3-9c4d-42b3-b530-b181f77739b0,Tanoodle,6717.71,Sugar - Individual Portions
dcc320ca-c859-4975-bc32-ec86b9560361,Topdrive,4981.13,Wine - Kwv Chenin Blanc South
e37708ad-f249-4b90-952d-8a8be445493d,Meemm,4444.29,Soup - Campbells Chicken
4956e1eb-eafb-47d8-87f4-720d6837ebd8,Twimm,1823.75,Appetizer - Mushroom Tart
5e10d1d4-0b7a-4b84-a7fd-2a61879d1862,Mydo,2365.42,Dikon
91e6c4be-0608-4cfa-8b07-2518275bb491,Meemm,4554.17,"Napkin - Dinner, White"
5019fbcf-f7dd-4ad1-99b0-85aa9019058c,Skiptube,1934.26,"Ice - Clear, 300 Lb For Carving"
e8674e56-346e-4c7f-8b88-a70ccb0c1096,Voomm,474.51,Extract - Almond
77a235ee-fa7b-4b3a-ae60-3434cd53b7f6,Gigaclub,8071.97,Kippers - Smoked
021eab7e-f856-4dd1-aa2a-f729357e4dae,Youspan,6087.31,Cheese - Augre Des Champs
53d22f7e-3441-4b7b-ba02-fd51e65c998a,Roomm,1641.28,"Juice - Clamato, 341 Ml"
8aa8840e-0d6e-4dcf-8a94-9db9b0d5e8f5,Dynabox,9449.92,Mikes Hard Lemonade
2d649d13-edb2-49e9-bc8f-a413154c157c,Dabshots,9731.99,Juice - Cranberry 284ml
443d30f4-e191-4ca4-aef3-24a32eadc914,Flipopia,4922.21,Chicken Breast Wing On
afa38cb5-21d7-4137-aadc-41b5d9316b6b,Camimbo,9758.3,Cheese - Brie
2942af8e-8106-44ec-892b-81a40b255964,Quaxo,4344.5,"Bar Mix - Pina Colada, 355 Ml"
1457d17e-c552-4249-bf14-68a2912037af,Roodel,185.57,"Juice - Orange, Concentrate"
caaab990-14a1-4f0d-9d76-fb3f1a9f6785,Kimia,4527.45,Vinegar - Sherry
a764c833-1220-4c30-ac58-b51652a74cc4,Wordtune,4443.66,Huck Towels White
b5282322-71ea-426a-ae1b-6923832c3633,Browsedrive,9505.27,"Sauce - Soya, Dark"
b99ec451-756a-4dc8-b0ff-31d977536442,Thoughtstorm,4351.71,Monkfish Fresh - Skin Off
7c15d626-bfb2-4cc1-a328-6d0f455a31b0,Livetube,1012.52,Anchovy Fillets
5211f813-f19e-41bf-a1e6-d2f033059e5f,Yotz,8863.65,"Carrots - Mini, Stem On"
75f25ba5-8832-48ec-a17a-175c92893f23,Voomm,7041.47,Ham - Cooked Bayonne Tinned
33e3e2c7-fbcd-49e4-a79f-d2e79029fe91,Fanoodle,7447.2,Onions - Cooking
64aa745f-b865-4f6d-ad51-9aaeba70d1e8,Twiyo,792.47,Remy Red
798b460c-8bfa-4f86-a159-916a25a78c41,Mydo,3942.15,"Thyme - Lemon, Fresh"
fe65cd8b-131a-414a-9d32-237fd8fc32ab,Leenti,5060.28,"Shrimp - 16/20, Peeled Deviened"
eb1a8bc4-0f2c-4a57-ae1d-006098f5c8b7,Quinu,9077.19,Lemon Grass
8d572b0a-2367-4641-80df-2bb3c2825727,Midel,8934.37,Onions - Vidalia
e1398659-a0b6-402e-918c-30557bfb67b6,Skalith,2940.94,Cafe Royale
51c79b2c-c0b1-4cc3-bfea-fc9749e61513,Realmix,3475.04,Veal - Inside
886ce3c2-72ac-4f90-b2cd-723524904ede,Muxo,400.81,Shrimp - 100 / 200 Cold Water
01c5c476-5f0f-4034-8386-12f3b15fe36a,Blognation,571.84,Piping - Bags Quizna
6faaf2df-52fd-4fb9-b96c-a7480c6f5c72,Browsezoom,1859.58,Beef - Flank Steak
e194c624-44da-4dc6-9bc3-a9c40cffc12b,Innojam,3562.73,Curry Powder Madras
9ff19ae2-2381-48a2-9641-209777d59fbb,Meedoo,3042.92,"Beef - Chuck, Boneless"
718a1dd6-90be-4d75-9a38-812b9fb5cb60,Vinte,8387.11,"Veal - Inside, Choice"
9c7310ce-b2d2-4fcf-828c-1767e288362f,Fatz,4732.18,"Vodka - Hot, Lnferno"
b17ed94a-722e-4a7c-9512-ae1189387529,Eire,765.8,Salt - Sea
ba41dd09-7f5f-4148-b1e0-8bdb9c9c39bf,Edgetag,8652.9,Island Oasis - Wildberry
5484f2e8-da29-4ec6-a645-5c30e07ad16c,Jaxspan,5595.12,Onions Granulated
1051aa8d-d37f-44ba-8aac-2cbce21d100e,Ntag,457.31,Bar - Sweet And Salty Chocolate
bb33a97a-24ce-4e34-8437-53016fb8dcf8,Linktype,1355.44,Juice - Lagoon Mango
94d13b01-6f12-4908-a765-e8ab587f965b,Topiczoom,5083.85,Steamers White
291e6e4e-d2b7-44be-8076-bcffbc6cb2c4,Meeveo,7285.44,"Veal - Insides, Grains"
d012bdf6-2cbc-42de-b3f6-12b0fcd80fa7,Shuffledrive,5813.58,Oyster - In Shell
1f50a272-21d8-4b1d-ae24-ca5257ffd38e,Vitz,763.74,"Quail - Whole, Boneless"
31159dd9-ec52-4d49-b88e-19a4cb40d7af,Oyoyo,3837.65,Beef Tenderloin Aaa
056db483-f5e1-4589-a018-10be478115ad,Cogilith,5227.34,Langers - Cranberry Cocktail
252e21fa-d4fe-45d1-b326-227c944dc156,Shuffletag,9554.11,Sage - Rubbed
5b0ace87-85e5-46f9-8799-afdae358c47b,Jabbersphere,9999.65,Muffin - Zero Transfat
e4defcf5-e7bc-41d8-ad1c-0de2547fa242,Zazio,2645.21,"Cheese - Brie,danish"
d119406b-e5b0-457b-9bc2-b336f9538bd7,Twitterworks,7891.74,Bread - Italian Corn Meal Poly
f16e4a99-9088-4f1b-8b02-26c4db8a1fea,Fliptune,4636.87,"Marsala - Sperone, Fine, D.o.c."
1d375dbf-0981-4aa2-bd6c-a9e3e058eb52,Mydeo,8119.11,"Pasta - Lasagna Noodle, Frozen"
e33ee5da-3477-414d-8e72-10f5b30ed30f,Skynoodle,3128.15,Gelatine Powder
644af5eb-911b-4344-9f28-bef5f2a3a2f4,Cogilith,375.68,Piping - Bags Quizna
24b9fcdd-9609-4e61-b6e8-7e60da3d00e0,Omba,3001.98,Wine - Pinot Noir Pond Haddock
e06dafe3-d90e-4bf7-a91f-4f351576b06d,Kayveo,221.97,Sea Bass - Whole
3c515acb-cfbe-4555-8aff-bab956addd0d,Dynabox,2742.5,"Bread - Roll, Calabrese"
c5166c92-177e-4a94-9c8c-8a1d8ec72466,Kayveo,3478.4,Soup - French Can Pea
cb3f0c2d-2308-4ba4-93b3-d2a808be6a6a,Feedmix,7610.85,"Wine - Red, Gallo, Merlot"
46408ccb-e1da-4b1c-bd82-9166dfe67c75,Shuffletag,6371.71,Veal - Osso Bucco
0687d729-5373-4126-955e-b4e0fc01ff48,Wikivu,2961.41,Pasta - Cheese / Spinach Bauletti
3d0d1515-141f-4ea9-abab-c5c77d3713d3,Zooxo,5158.28,Mcguinness - Blue Curacao
4036ec51-fcf9-4ad1-8d1b-a1456049aa01,Skalith,4019.81,Longos - Penne With Pesto
89e12a53-7aa9-4f24-b8a9-59495f9ae076,Realcube,5523,Muffin Orange Individual
53d0506b-379e-47b9-9cd9-51f91d959fef,Skaboo,3102.15,Ostrich - Fan Fillet
8528016c-308d-4f85-8d10-f286332da422,Livetube,5314.65,Salt - Table
f6596789-e417-47a8-87d1-393f88451724,Yamia,2973.03,Lettuce - Escarole
42e9d1de-e82f-4dc9-a833-7e98e21887f6,Zooxo,8093.69,Vacuum Bags 12x16
7e55544f-295d-43d0-ba87-01e081764dcf,Thoughtworks,8760.04,Beer - True North Strong Ale
bdeb9ad4-40b3-4892-aa6e-a52935f2312c,Tagpad,7758.62,Soup - Campbells Broccoli
f06cedfc-90ab-4c77-95cd-b539b79097a3,Flipopia,4904.07,Wine - Gewurztraminer Pierre
4cdbc324-4686-4a85-9274-bb7a00adb8dc,Photolist,1431.81,Pie Filling - Pumpkin
347b9b2f-cb65-4fa8-b67a-96a3fdf8e22b,Bluezoom,5083.69,"Mushroom - Enoki, Fresh"
047c448a-bd78-4ad4-b42c-d4cfd9864b52,Tagchat,1986.31,Temperature Recording Station
bad1e673-8b34-4015-97a7-a92b0f7bc269,Jaloo,1707.44,Wine - Piper Heidsieck Brut
67924be0-cb99-4491-91c2-adf4fef9379e,Zoombox,6297.13,Galliano
6bf62b24-0937-41ff-a64b-c278607c7015,Podcat,640.23,Pur Value
4631f6f7-b3f6-4600-8c4b-b7fa54f46e92,Yotz,3419.5,Food Colouring - Pink
93c5d91d-6daa-4a44-9a57-f61b79756165,Tekfly,1139.95,Wine - Charddonnay Errazuriz
ecc8161c-1ecd-407c-a467-a2f9c7169f6e,Pixope,240.93,Rice Paper
127ef633-1c4c-43c1-9ec6-9783bf0ef422,Gabvine,7729,Potato - Sweet
d18cb216-4210-4ab1-9678-c2a3dbd221d4,Lazz,2476.24,"Crush - Orange, 355ml"
2dba891d-29ee-4565-9fb3-9bd5befd71fd,Meejo,8792.07,Sunflower Seed Raw
89192f40-2784-44bb-9b22-3269e33c6211,Mycat,2215.41,"Sauce - Apple, Unsweetened"
f3fe162e-bd88-4269-859f-4e262ee396ab,Dabfeed,7018.37,Soupcontfoam16oz 116con
f10d147b-a549-4938-908c-04f562f1c2b2,Twimbo,9553.88,Beer - Blue
0fabc1b1-4742-462f-9c83-7e18b507d0d0,Vimbo,638.4,Noodles - Steamed Chow Mein
f59cec1e-cb92-410a-95b1-e9b616fe1321,Dabvine,2380.07,"Turnip - White, Organic"
7a781a1f-0141-4b99-81fb-a244b5ef31bc,Yoveo,7228.94,Milk - 1%
03adfb60-0123-44a1-b8db-145d88c8c715,Skaboo,3990.83,Avocado
0c405b82-b92c-4f66-970d-32d604e14e16,Bubblebox,7850.75,"Bread - Roll, Soft White Round"
38d7a255-8dff-4b2d-9304-0954e9b5c061,Realbuzz,1278.56,Island Oasis - Banana Daiquiri
c940d629-e2a3-437e-b60a-20c7513dbd1b,Shuffledrive,2479.04,Muffin Carrot - Individual
275dc123-7c47-496c-b6b1-762d6797c4ff,Kazio,7446.44,Chocolate Eclairs
f2b8d490-5c45-4383-9efc-7ca59208f8e0,Skipstorm,2745.59,Appetizer - Seafood Assortment
8c35f4aa-e5a5-4d30-b9ca-7831a66d1c04,Skyvu,6090.41,Apple - Northern Spy
c5544547-77cd-4357-af69-c1b3556bdebb,Minyx,8564.61,Bar Mix - Lime
c2d96988-68a7-410e-beef-35690f067390,Rhynoodle,4579.68,Lettuce - Sea / Sea Asparagus
07bdc5b1-9308-4f74-9a33-63d6ceb4f469,Flashdog,7255.11,Vinegar - Tarragon
a63f8fe6-d036-4e56-b11b-8b098ac61c24,Youbridge,2506.34,Muffin - Mix - Bran And Maple 15l
38d917ab-28c7-405e-b7c4-39be5f96ae60,Voolia,4079.78,Bar Energy Chocchip
de48de09-69fe-4a61-b5f2-cc7739d1e55d,Aibox,7717.55,Tuna - Loin
565da684-4474-4d91-a028-0a570f16b47d,Tanoodle,493.55,Limes
99371b8d-d7a8-4679-bd81-39e20e15325e,Meeveo,114.8,"Stock - Beef, Brown"
205e2dd1-d503-477e-8fb6-5075df9daf1e,Wikizz,2273.12,Grenadillo
92d68e13-fa38-45f1-aa48-7670af42227a,Vipe,82.24,Shrimp - Black Tiger 26/30
e54d4daa-6d38-435f-b377-86e0ab9a72c9,Omba,7394.99,Island Oasis - Banana Daiquiri
e0bbcb11-d0c3-445d-a961-52ca1bb94813,Twinder,6438.15,Carroway Seed
1946df58-de25-4060-beb2-83e41d4482ad,Mycat,8726.63,Beef - Striploin
681183f8-f595-41d7-b249-75577aa55aae,Zoovu,1605.5,Vacuum Bags 12x16
08ce2331-99be-475d-9fdf-4e25f4a882c9,Meembee,8239.16,Cheese - St. Andre
e7c94e58-ddfc-44b2-9c72-cc5fe7bc8498,Mynte,4105.3,Squid Ink
339526fc-79eb-4043-835e-629e4a536c2e,Buzzdog,6151.69,Glycerine
94c2fc51-99b3-4220-bd5b-1369af608012,Voonte,9449.14,Mustard - Pommery
0ffbe949-9646-4b9b-a4e9-7861243a1fd4,Twiyo,3877.88,Long Island Ice Tea
eca4f448-5d1e-4f2c-9a79-d4c49a0cd023,Chatterbridge,7591.04,Wine - Zonnebloem Pinotage
2ae1fcaf-93a9-40e7-930d-21dd39117e92,Geba,4486.92,Apple - Macintosh
234aebf8-2fe7-4953-ad22-2e22251ad333,Teklist,888.94,Peas Snow
13a0b83a-c24a-46fe-ae45-93b60cf62d7e,Nlounge,9179.9,Soup Campbells - Italian Wedding
31e61cbe-848f-40ac-9c73-591026d01589,Jaloo,5503.21,Yoplait Drink
22b75ac3-4a96-47de-a186-d8803d03acce,Kwilith,2864.47,Wine - Stoneliegh Sauvignon
1aaf2811-bb08-48e4-bc6d-abad106d7a62,Katz,9954.61,Bread - Corn Muffaleta Onion
08246948-b772-4202-96d8-00ca08fa4c06,Brainverse,1945.21,Wine - Port Late Bottled Vintage
bc3b61b0-2a18-4896-bb51-62280de1a9e1,Mydeo,3843.52,Bread Country Roll
5d4c3990-2933-4a02-9a3a-325150c351e8,Linkbridge,5944.37,Cod - Black Whole Fillet
1c49d25a-1217-4c80-9722-de31e1d5e43a,Zava,819.17,Pork - Belly Fresh
16b2a2e8-118a-46b6-8792-1199cded0473,Linklinks,951.63,"Tomatoes - Diced, Canned"
e2b29594-b53a-41c4-b187-40b146b4148c,Skimia,8752.9,Straws - Cocktale
08bfb8bf-faca-407f-9a48-5be02eaac611,Wikizz,2854.71,"Pork - Tenderloin, Frozen"
a0f0dfb0-930b-4f0b-9e92-acdfe00a9516,Devpoint,2715.12,Cheese - Pied De Vents
5cf278ad-4000-4e30-96eb-e697366d8795,Photobug,9273.82,Eel Fresh
f6dc14da-5ffe-4bef-8640-28a14a39db41,Fatz,199.82,Pepper - Chilli Seeds Mild
070a0a84-e50f-4844-8aae-62b32d793fb1,Browsedrive,9285.53,Bread Cranberry Foccacia
2f38abba-4079-4e93-b9ff-21401b9ec381,Oyoba,5806.18,Sobe - Berry Energy
44dcd8df-007a-45c7-b721-2da71f4b3a42,Dynabox,1622.77,Pernod
9ca53d78-7bcf-445c-85f2-2426fdda36d1,Jayo,9591,Chicken - Soup Base
ef9536e8-2d6d-48a2-8264-e550cc7af06c,Quamba,1181.48,"Cod - Salted, Boneless"
7126be33-fe98-4e1e-aaa1-25a2d8efcd66,Twimm,9803.48,Wine - Chateauneuf Du Pape
467c2036-05f4-4c54-9a9f-05158b8655f4,Roombo,2977.76,V8 - Tropical Blend
30cc98b9-7beb-4244-b7cb-730897897f86,Topicstorm,4160.29,Baking Soda
57b08bee-c292-442d-98d3-1916b0a66c0b,Abata,5739.19,Wine - Soave Folonari
c2cdc3d2-7663-49d6-a22a-a4cb37af9d07,Meembee,1185.09,Icecream - Dstk Strw Chseck
d7b5fd8e-b5ad-4397-82f6-e0ac8bb854cc,Yadel,7514.1,Compound - Passion Fruit
53bf9880-0d43-4674-bbc0-8f54a1107533,Babbleset,1237.16,Aromat Spice / Seasoning
4bb9a45a-79c1-47e5-bd19-b71ff3defc2c,Abatz,6979.38,Veal - Kidney
955b0a61-e214-410b-9501-2758050e167a,Mydo,9016.91,Shrimp - Prawn
092e7e5e-1d0f-415f-9886-f506be5e6242,Fliptune,9514.32,Beef - Ground Medium
9a331bf0-5e20-4383-9436-a8e1c49490c2,Yadel,1492.74,Grouper - Fresh
4a97e2ae-9d9f-424e-a473-513b4757c64e,Plajo,7240.67,Muffin Puck Ww Carrot
bab0f180-da25-401a-b84c-a7c376a9399f,Realblab,3645.18,Beer - Corona
37d4a296-550a-45c5-910d-707b93d3e392,Shuffletag,4990.95,"Mop Head - Cotton, 24 Oz"
880fec22-12d3-41b6-80da-302f9ea66bec,Trunyx,3404.09,Frangelico
08e524cd-62d3-41e1-ad80-aa6faf6f3719,Bluejam,8356.17,Banana - Leaves
00be395c-8fdb-4bb8-b7ae-2be752457670,Avamm,8089.42,Versatainer Nc - 888
536fd63e-4f0b-4b36-bfb2-c0ee9af4d461,Rhycero,9078.24,"Crab - Dungeness, Whole, live"
03732f33-c8ae-45ca-92ef-a416a59cc9f8,Roodel,9176.1,"Bread - Crumbs, Bulk"
d9cb5b3d-1997-43f9-909e-f966348ae8a6,Zoomcast,1559.56,Oil - Olive
149d331a-9b85-4c98-8007-8111a230f12c,Trilia,8543.76,Jam - Apricot
659b2d35-85ac-4a1f-8d63-088b080829cd,Photolist,2042.67,Lychee
e31c3496-433a-41d8-889d-345a0e877439,Gabvine,6843.69,Marzipan 50/50
deba86b2-1c33-46a7-88f3-497763ebc565,Wordpedia,402.28,Kirsch - Schloss
aa9727f5-4452-4889-a81a-2b99799eac39,Browsezoom,9033.7,Red Currants
16d06256-4979-4f5c-8575-43d6858ab493,Skyba,2422.87,"Seedlings - Buckwheat, Organic"
abb77e17-82f5-433e-ac5f-e24d71f0ae5e,Babbleopia,9199.97,Blackberries
d43c6137-33fc-47da-92a0-5953727b4e9d,Blogspan,6054.34,Cheese - Comte
7dfecf02-2981-450a-8b30-dfab039f8318,Dynazzy,2023.67,Wine - Red Oakridge Merlot
a1915c22-6636-4b92-afd9-104041127ac1,Trunyx,8275.73,Wine - Cave Springs Dry Riesling
2e740f1d-cd6c-4172-9705-437c6ee54f5a,Dynabox,3768.31,Sauce - Balsamic Viniagrette
2188c8a1-791e-431f-a8dc-1d4a3a4b96c0,Voonyx,5485.59,"Juice - Apple, 500 Ml"
c13d728d-f81f-4288-96ca-22cb8bc75126,Meevee,5956.35,Wine - Trimbach Pinot Blanc
986796ee-c25e-4b03-8566-ed4f0696edec,Riffpedia,9649.56,Shrimp - 150 - 250
d9eccad3-c79b-4410-aac6-85d83d490d9b,Trunyx,5844.12,Muffin Mix - Banana Nut
44d9125a-f8bd-46df-8b58-1d5e525838b3,Skimia,6769.69,Juice - Lagoon Mango
1edfa4ce-34ef-45c3-8a6d-40382b0f80a1,Skynoodle,8133.59,Energy - Boo - Koo
bfeb367b-0a2c-4f6b-8eef-b5984e65eb98,Riffpath,260.41,Duck - Breast
d91dcdaa-3364-4ac9-b92d-768ad260bd05,Ntag,3922.85,Oven Mitt - 13 Inch
5e4f579f-30ea-4221-9abe-2954461eeba8,Skinder,9028.31,Cardamon Seed / Pod
4957de3b-30e2-4e50-a007-fa649f938fdc,Livepath,9924.16,Cheese - Wine
05718a20-87f9-46fd-b4fb-a9eb11033d27,Realpoint,9111.03,Wine - Lamancha Do Crianza
b2f6339d-0b8b-48a8-8b82-b1dc2416d231,Realmix,2055.76,Chivas Regal - 12 Year Old
dab50ba7-b1b4-4548-b17e-e1c1771e920e,Pixonyx,6236.16,"Beans - Kidney, Red Dry"
165150a0-6bc7-442c-8eb0-e2f793c8c6c2,Oodoo,456.91,Chickhen - Chicken Phyllo
f95f5797-2bd5-44e9-87fd-b81ca4726532,Rhynyx,8300.52,Carbonated Water - Raspberry
4d381a31-c45a-45d7-af20-fcb8a0d42dfb,Geba,9087.49,"Veal - Chops, Split, Frenched"
319eece5-ef7c-4d66-a824-2c6ae6cb2973,Voolith,8004.48,Lettuce - Lolla Rosa
afa272e4-1cd2-4ce7-8f18-abd6a669dac0,Jabbersphere,1597.55,Tea - Herbal Sweet Dreams
02ee74e7-fe27-4d6f-ad0a-29e33fe7a17b,Avamm,3184.97,Soup Bowl Clear 8oz92008
447b517d-ece7-4bb2-9489-37f401a72779,Eayo,6099.69,Milk - 2%
1b8578a3-1634-4101-8e9a-4db9507c9bd2,Flipstorm,5978.93,"Salt - Rock, Course"
809bde36-a932-4f7a-9120-71beee484bbd,Wikibox,8124.34,Langers - Mango Nectar
f67fead7-c1a6-478a-b925-59b25d60d805,Thoughtblab,5001.84,Soup Campbells Turkey Veg.
d49fbf15-a65b-4a04-b7d5-0b62748a9f3a,Plambee,2388.58,Cabbage - Nappa
d816e238-ce2a-42f4-89f2-8cc38c3aaa87,Abata,2827.48,Napkin White - Starched
df195094-d0dc-4fe6-bdbb-9b9040e7699d,Feedmix,7103.81,Appetizer - Asian Shrimp Roll
61c0961a-d1ee-4d0e-88f7-f0cb50f4be2f,Kanoodle,1890.86,Bread - Crusty Italian Poly
ab1d9071-b8f2-4302-bfc5-1915bbc8a418,Centimia,631.35,"Artichoke - Hearts, Canned"
c65bb8d7-2c84-4b43-9405-4a7ab20b7747,Devcast,5063.11,Pork - Sausage Casing
2f03ebb6-e525-48b6-b6d5-6f866c8326d0,Jayo,6043.65,Orange - Blood
e671448d-cbca-4115-afa4-ff3e22cae57f,Skyndu,6127.82,Beer - Upper Canada Light
d68d9a5b-33fc-4567-a9ed-da1d9fba7e91,Zoonoodle,8716.02,"Wine - Red, Lurton Merlot De"
0652dd74-cb31-4292-8fa2-0bc540b05797,Wordtune,7037.52,"Lettuce - Romaine, Heart"
1fbff6b9-3304-4f86-8a50-3c3037fa98c9,Riffpedia,5894.9,Truffle Paste
