item_id,item,cost,type
7945c5a4-8ae2-45f5-a3a4-8fd7a1f042cf,Eabox,2618.22,Lighter - Bbq
1767bf81-4026-4032-b710-eb236b334c11,Skyba,5170.43,Tahini Paste
e1a3d3fa-0757-4679-bc44-f04344f062ee,Mymm,3326.52,"Beans - Kidney, Red Dry"
f78bc339-fb6e-4d9a-8012-a3ee1ff58cd4,Trupe,2955.91,"Salmon - Atlantic, Fresh, Whole"
0a7930ce-eee3-4d4f-b15f-3b33033d0819,Babbleset,4357.82,Tea Leaves - Oolong
f29bcfa1-19ba-4d2d-85c8-04cc716bac6f,Gabtype,3568.29,"Syrup - Monin, Swiss Choclate"
c796ff99-7030-409e-9230-b4abd9ce0e18,Blognation,5086.57,Water - Spring Water 500ml
a45c176c-7db4-47da-9009-408652167a62,Cogibox,1442.27,"Cheese - Woolwich Goat, Log"
1206ffb1-a29a-4d43-877b-c7b91af297c9,Skyvu,9737.02,Oven Mitt - 13 Inch
57312102-24fa-47d4-94e3-c55563121435,Topicshots,5794.51,Oil - Grapeseed Oil
cb77146f-ce13-4b58-8128-b7edd3be32d4,Skibox,4455.14,"Split Peas - Green, Dry"
85871c63-c53c-48f7-a6cf-6036d17d1faf,Skaboo,2092.39,Water - Evian 355 Ml
cf419ef8-7a4d-4d65-ae25-90b36f46c825,Jamia,6883.71,"Potatoes - Yukon Gold, 80 Ct"
306e2006-1d9c-46d1-bbd4-1bb2c659f3c4,Kaymbo,518.97,Spring Roll Veg Mini
e054cc51-fee4-4aaf-b0e2-6f069ee55abf,Meedoo,9210.79,Bread - Malt
9a1b4d0f-b6e4-463f-9bb9-fe9c245a3a40,Vinder,556.2,Syrup - Chocolate
332a549d-9528-43fc-ab79-261f2c6858a2,Trupe,3549.27,Garlic
0618884f-05b8-444b-9ee7-17a3c70dc260,Realbridge,2187.38,Pear - Prickly
2cd493b9-9983-47f5-b518-886a0a928e08,Miboo,8922.42,Garam Masala Powder
462089c0-2a67-44b5-b389-4ed301c21485,Pixonyx,6958.65,Basil - Fresh
3537a7fb-7725-446a-ac5a-dc4ee12aec03,Innojam,3247.39,Grapes - Red
1988710d-7627-4bff-af3d-d6e353e1771c,Quimm,3678.74,"Soup - Knorr, Ministrone"
f5ce17d4-2944-4e3a-9c65-02fe0aae9fd4,Kazu,1465,Potatoes - Parissienne
3bfb9086-d66c-4877-906e-8eeb70db022b,Flashpoint,7009.24,Dasheen
dce46130-21a6-4f3a-a160-ad9351e4f776,Demizz,1985.8,Port - 74 Brights
7b423352-f5a4-46d2-8c7f-02e84f3a230e,Twinder,9507.07,Mudslide
8a0783ab-fafe-440f-b2b0-5b94fbd598c3,Meetz,7484.09,Mackerel Whole Fresh
ed48929a-a760-48ea-ac40-666bd71d7277,Edgeify,4162.77,Bread Base - Toscano
819937a3-fa84-42f7-926a-4e019d832a21,Rhynoodle,1262.54,Nori Sea Weed - Gold Label
a5d461bb-3f25-4cf6-85fe-d481e94fcfff,Fivespan,4786.96,Flour - So Mix Cake White
39f6ddac-128c-4867-a368-9690e5ae4700,Abatz,9705.62,Oven Mitts - 15 Inch
424c1ada-4fef-47d5-9312-74203a961e3a,Oyondu,1250.7,Tart - Lemon
88fcdb93-400d-4b4a-89ed-03dbfa18e523,Browsetype,316.71,Croissants Thaw And Serve
e1f75add-51de-4ee4-8638-42bfc59e1dfb,Skimia,1393.01,Rhubarb
f2ca8df5-c222-450e-8d56-12b46c6f89e2,Gabspot,6877.06,Bread - Multigrain Oval
a4b114fb-f788-4fdc-97aa-a6b92ddbafe6,Wikizz,4678.2,Bandage - Finger Cots
c0580156-9870-424a-bfe6-61ca5e58f983,Miboo,7107.78,"Sauce - Soya, Dark"
accadbb9-ba40-47cb-a23e-cdcf4beec61e,Brightdog,3599.99,Wine - Beringer Founders Estate
8531f25f-e1dc-4771-98c7-50f54b0930e5,Pixope,6586.71,Honey - Comb
3f5fe2c6-9e7d-4a2e-a9b8-543fce7a148b,Fivechat,6916.46,Quinoa
7832ed03-64e1-4c68-aa5d-3411a5491a53,Skippad,3648.02,"Chocolate - Pistoles, Lactee, Milk"
ac26371a-17d2-484c-920e-95250986a040,Shufflester,6704.51,"Chicken - Breast, 5 - 7 Oz"
e5b4ddd2-790e-469e-89ab-4e648bb1de10,Realfire,1103.08,Wine - Black Tower Qr
08e6a582-63a3-48a4-a3b4-498bfd10b448,Trudoo,4112.88,Lumpfish Black
c76d9bae-0aff-4c25-a47e-525ca2e1b94b,Thoughtbridge,9051.54,"Tarragon - Primerba, Paste"
4c7ebbfc-253d-4730-ab39-719495a6df26,Buzzshare,7330.63,Pickerel - Fillets
db86d5ad-4589-458e-8b06-4a9c490cd49c,Thoughtbridge,5378,"Lamb - Loin, Trimmed, Boneless"
f1eeeaee-fe39-43a9-9fdc-67fa082940e2,Photobug,6811.49,Honey - Lavender
94fc0e22-8688-4af9-8971-f43bc0248c8d,Dabshots,1356.79,"Syrup - Monin, Swiss Choclate"
9a2d2c4b-13b6-4904-ace1-958de69c429a,Trilith,713.68,Cheese - Mix
578acc1e-2474-4c73-a2a6-8f7265d01cfb,Gigazoom,4506.38,Flounder - Fresh
29ca041b-67c7-4917-981a-707dd3e41631,Dynabox,9439.24,"Beans - Fava, Canned"
c2180575-fba9-402e-ab18-00bea1a10474,Plambee,8177.44,Sobe - Cranberry Grapefruit
5178e814-11c2-4343-ad77-598b38f362c7,Plajo,1823.46,Horseradish - Prepared
fa6059d2-3027-49e0-a19f-21df69041b92,Riffpath,7015.82,"Bread - Rolls, Corn"
d1ffbf0a-b5d8-46d5-85ba-bda412b41d16,Skimia,3851.69,Sauce - Hp
32f10fa2-66a8-472d-ab54-4c8e6c64245c,Photospace,6725.4,Sprouts - Bean
418c0cf4-c65f-4084-8275-a7a87bba41f6,Aimbu,9488.99,Peach - Fresh
43831221-5727-4de3-8b2f-98f0454118a5,Katz,5763.73,"Soup - Campbells, Chix Gumbo"
b1fac206-187b-40a7-9624-9e8ee1f494e2,Katz,6182.51,Wine - Pinot Noir Stoneleigh
fd267590-14db-434c-a2ab-e3633666001b,Skipfire,4518.22,Cheese - Valancey
ebc180c8-2f44-46e9-bc41-23df3ac2cdbd,Cogibox,4966.4,Wine - Sauvignon Blanc Oyster
bd19c4f9-a280-470a-b497-d9033efb5f3f,Omba,5747.77,Wine - Casablanca Valley
fd6929d5-5f8c-4f62-aa76-5320d869bbd1,Flipopia,6830.58,Wine - Valpolicella Masi
8276a4f3-5c1c-4275-962f-c4f5642804d7,Edgewire,8648.8,Yeast Dry - Fleischman
a04cda80-5bde-43ab-b9ae-6fa8417441d5,Realcube,9504.24,Chicken - Soup Base
22933954-77f3-4d52-9e9d-f2d6abb42536,Rhynyx,3958.6,Appetizer - Southwestern
d20b715e-c0ed-41bb-a5b2-56fcaaf577a6,Dynazzy,1883.37,"Bread - Roll, Whole Wheat"
9ba4d7c2-c782-4ae5-b34f-e15736d9d5dd,Yodel,4969.71,Bag - Regular Kraft 20 Lb
088c1c9f-0d13-42f2-b82a-09eb0c38390f,Aibox,2626.83,Basil - Pesto Sauce
2b45cb78-53a3-4632-a9a9-15c5b1962426,Devcast,5363.04,Celery
dfbfcdfe-7735-48eb-b5a9-a8ba3a87eba2,Ozu,8.38,Sponge Cake Mix - Chocolate
9b065e8d-a33e-4f8a-b48d-8e7fdcc7e931,Rhynoodle,6194.62,Kiwi Gold Zespri
271b3657-4fe3-4466-bb79-42f40deed4db,Vimbo,5063.74,Raisin - Dark
be48c4f3-dd2e-4b19-abcc-38a4455f37bc,Zooxo,9814.16,"Potatoes - Purple, Organic"
5e2c5f6d-843b-415e-bf81-4f647d0ffed3,Oyonder,2266.13,Cookies - Englishbay Wht
5f25fb80-0fa8-4e66-a79d-592993f8057b,Gigaclub,8633.64,Daves Island Stinger
c188291d-118a-4f2a-bced-9bce01c8cd61,Feedfish,990.16,Sobe - Liz Blizz
58620db8-9293-4d3a-9f92-73a7e3ad2af7,Skinder,7063.28,Muffin Mix - Corn Harvest
0bea25e9-c493-48e6-acbc-b420225d339c,Voolith,9207.42,Oil - Macadamia
4613617e-df63-4ef5-86c5-b2acd9eb3e31,Youtags,3175.96,Tobasco Sauce
043e9e7b-4750-46be-adeb-0db2afafc22e,Yodoo,445.64,"Soup - Knorr, French Onion"
05f479a5-d248-4a84-8722-9d835745608d,Blogtag,9844.99,Compound - Strawberry
0d8c15dc-4f30-4892-8f68-51112cf73556,Feedbug,9395.49,Cheese - Mascarpone
3fa3b01a-2c70-4229-a021-209dc3711ea9,Livefish,8919.3,Compound - Passion Fruit
3b429982-254f-4e71-ada1-6f7b5b78206f,Yodel,184.11,Kahlua
555bee94-7716-4ad7-97bd-c933580dee99,Innojam,8422.86,Wine - Cava Aria Estate Brut
6cc604df-75ad-4f4e-90bb-17615a5568cf,Fiveclub,524.99,Grapefruit - Pink
bd70c904-ef86-4413-9cf0-80687efd8c91,Yodel,4201.76,Wine La Vielle Ferme Cote Du
048e4ebf-f60b-437d-a289-c3ad1d1fca01,Centizu,5123.36,Lamb - Ground
bc35d059-bc6a-426b-8ae8-f42f6fee4131,Shufflebeat,9274.46,Nescafe - Frothy French Vanilla
e629dd9d-0de4-41a6-8393-e1fb969634a0,Gabtune,6890.88,Soup - Campbells Mushroom
4d24f897-e92a-45df-897a-0e603bd14f50,Jabbertype,4197.89,"Pasta - Lasagna, Dry"
25932291-5ccb-4301-a8ae-98327ee77130,Linkbuzz,4856.62,Wine - Jackson Triggs Okonagan
9276f6dc-51ba-433c-b4aa-ab47b9afb8a3,Meedoo,8985.79,"Ham - Smoked, Bone - In"
8f6a009f-3ea7-4d37-a7eb-0edccfb03599,Photolist,2392.45,Wine - Duboeuf Beaujolais
c77550ee-14da-4c31-88cb-ec70e4f66257,Yodoo,1554.23,Sobe - Green Tea
f9c2ed09-96e3-4a61-919f-9db0693b2894,Voonyx,1922.32,Cheese - Parmigiano Reggiano
699907bb-1282-4e5f-8fc9-ccd900e1ed6b,Topiclounge,1546.2,Chocolate - Milk
5267e700-0070-4d54-988e-3835583e5af7,Skivee,6955.41,Blue Curacao - Marie Brizard
0a9d7b61-8fc4-4a30-97a1-d6c3b4ce4046,Wordware,7245.67,Sausage - Blood Pudding
87056bc1-0dde-44d1-9a88-4b6c32dcfa7b,DabZ,6339.12,"Cheese - Mozzarella, Buffalo"
84788ce7-9715-4bd5-914b-972ffa7d7e85,Edgeify,9333.09,Soupcontfoam16oz 116con
e694efdb-8d47-4c5c-be5b-e4781fe8480d,Mudo,3312.45,Chicken - Leg / Back Attach
d2440724-1e23-4f0e-8392-a7b808a76507,Oyonder,2064.16,"Loaf Pan - 2 Lb, Foil"
ba3be87b-02b6-4c4c-90e7-d99243216d98,Babbleset,6811.51,Lamb - Bones
03934a7c-3bfd-4585-b98b-c91414652184,Flipstorm,7027.86,Pork - Inside
aee312c1-66d0-424d-b7cd-4a279d577e04,InnoZ,1165.78,Lettuce - Arugula
0d465129-aa4a-4300-9d1b-8f2b4983a78e,Divape,8776.81,"Beef - Ox Tongue, Pickled"
7fd63d9a-1601-4dc6-b6f2-f215dbf53a90,Buzzster,8134.74,Appetizer - Escargot Puff
b6e3e9ff-15fe-49a7-9104-07c9ffedf4f6,Tagfeed,4486.84,Sour Puss - Tangerine
641eae71-ecb9-4934-b1b8-3042cd9d9baf,Realpoint,1729.74,Sauce Bbq Smokey
8aaa0e29-5eb3-43ae-b43c-03c86e161828,Twitterbeat,9135.23,Lamb Leg - Bone - In Nz
1dc185c4-71b5-4f2d-adaf-e7b05f27df7c,Oozz,1743.14,Beef Tenderloin Aaa
7acd02f4-181d-40cd-b1f5-81aadbbc30f4,Gabtype,3667.31,Mix - Cappucino Cocktail
70bd2031-f54a-4008-9c19-092331620a69,Realmix,4638.45,Pork - Ground
208115d1-966c-48ff-8217-d1855efa950f,Flashdog,587.69,Pepperoni Slices
b0f351a3-7fef-4cc8-999c-831c0ae81fb0,Vimbo,8967.98,Containter - 3oz Microwave Rect.
9a39cecf-dab2-4c65-80cd-c7eb374dcd87,Skyble,3805.95,Scampi Tail
9fe5c69b-1dc2-497b-add3-9beeed6abd3f,Zooveo,1636.37,Island Oasis - Pina Colada
5d01c6e6-8179-4311-a8e9-8567c553f499,Riffpath,5144.74,Foam Espresso Cup Plain White
ad3ab388-fc5f-41a6-82e6-0cc88e805183,Vidoo,6150.18,Whmis Spray Bottle Graduated
35813b13-a247-45f7-bf87-1cbf53484ddd,Izio,614.24,Cookies Cereal Nut
ee1703a7-c60c-4769-9f48-8fe29e4f41a7,Bubbletube,7244.79,Eggplant Oriental
b7287826-d57f-42cb-b1b7-84ac736bbc8e,Ntags,3055.5,Bread - French Baquette
3a8d87b3-96e6-40ea-b747-9b6658a8b06c,Voonix,7277.1,Muffin - Carrot Individual Wrap
eb869911-2912-46fd-8d29-8f985bb998b6,Linkbuzz,8940.75,Cherries - Frozen
d8e28bc1-3dc3-40dd-9127-c510bb91daca,Buzzshare,2192.53,Pork - Kidney
a9535d70-a2d6-4d96-b375-b49a7a35f739,Meemm,9847.8,Versatainer Nc - 9388
3c7c129f-c3fb-4493-923c-cbeede2d1867,Twitterbridge,6214.58,Cup - 8oz Coffee Perforated
de61dce4-152d-4702-9a46-87257b17a01c,Voonte,475.66,Sambuca Cream
ec91bb1d-b3cb-43d6-b936-168eb9bb2e53,Voomm,4473.71,Beef - Short Ribs
56760bee-95de-49ae-948e-064c1646ccd3,Eayo,3103.39,Bar Nature Valley
f309b0fc-a8ab-4249-a77b-ed60b4bc5079,Fivebridge,2901.98,"Water - Spring Water, 355 Ml"
629b73bf-2e0a-4ca4-936a-d4be97385448,Divanoodle,2195.64,Bread - Sour Sticks With Onion
2a030174-76e4-482f-8b9b-c04831b8977e,Oodoo,31.64,Soup - Campbells Asian Noodle
54e7a3fe-919f-4eb3-bb6e-6eb38954e42e,Browseblab,5492.92,"Lentils - Green, Dry"
58560e9f-b1a1-4d3f-a011-e25fb876ba8e,Tagchat,299.35,Chick Peas - Canned
c8b1d951-dd08-48c0-bf50-d405e35f2fa6,Vimbo,8170.62,Maintenance Removal Charge
c18b3738-34fc-42e4-86e9-5f1ac92f1784,Topiczoom,1192.11,Melon - Watermelon Yellow
bb016516-4750-460b-b09c-0a2b499b65b6,Photospace,9926.2,Apricots Fresh
4ce526f5-abc0-4a5d-a094-d29460033cdd,Jabbersphere,3008.21,Table Cloth 90x90 White
aca0f7cf-8c31-4c50-b52b-2bda0bac4ab7,Wordpedia,6778.39,Honey - Liquid
90d973ef-39fb-4e32-aa5e-cb2a2e1a90b0,Wikibox,5120.37,"Zucchini - Mini, Green"
b01dfc4c-a27e-4fa8-b697-ebd39831b828,Bluezoom,5397.71,Cheese - Colby
cdf92887-e5a7-4553-af3b-ef3a54dca903,Rhycero,4733.9,Red Pepper Paste
7b8c0cff-f8a0-4878-996c-81aa0e0524d2,Buzzbean,8117.82,Pork - Shoulder
513b8c7c-f25e-48d5-824e-eed4ef88fabe,Bubblemix,2219.36,"Water, Tap"
292524b1-483b-4677-ad9a-193271b49341,Vipe,4134.45,Plastic Wrap
da9e0c1a-155f-45d2-8bb4-4c0f03e741b9,Blogtag,6734.57,Chips Potato All Dressed - 43g
f9b872e6-eb88-4cde-b0b7-839fa6327ace,Skibox,3537.1,Bread - Ciabatta Buns
bb9457f4-72f8-415c-8dfe-a345153f2236,Feedspan,2224.12,Glucose
3f98e58a-bd81-4283-b061-efd17ae8a80a,Eayo,5604.3,"Artichokes - Knobless, White"
701b75d2-a5d5-4b3f-9023-cadc6fc8c7ef,Yabox,5649.95,Fish - Bones
e9003fd1-c347-4159-9ee9-5bb9545575c6,Topicstorm,8188.09,Vinegar - Champagne
ca195821-d303-42d9-9be8-5b1d2c72ef3f,Cogilith,208.79,Ham - Cooked Italian
3a8f08c0-62d2-44f2-a964-81a81b72d79b,Geba,7169.44,Cookies - Englishbay Chochip
473ffc72-accc-404e-9e22-04d721401a22,Skyble,6549.03,Cake - Miini Cheesecake Cherry
555adbc4-9ad3-4b00-be42-7439b368b2ef,Agimba,7337.71,Soup - Verve - Chipotle Chicken
5ae99148-5794-4894-ad5e-d7e432cc3c82,Youtags,832.87,"Shrimp, Dried, Small / Lb"
1f4c7507-2eba-4bb4-a40e-f16e4f7cf711,Camido,2889.09,Tea - Vanilla Chai
17f371b5-5538-496b-9792-fdfd7bb2c801,LiveZ,9568.5,Cucumber - Pickling Ontario
4afe8437-6e97-4bcb-b5e2-cb2952dafc52,Skaboo,3502.9,Dragon Fruit
fdc8c324-afa8-4a13-832b-d205465f5df7,Flashpoint,6267.23,Sauce - Hp
ac3dc81a-f46f-4120-9c7c-4fe6e2fba100,Oyope,8747.22,Juice - Orange
056ced73-9080-40b6-88c2-e3427f71f34d,Youspan,4530.55,Eggplant - Baby
daeecf9d-2cc2-493b-8499-d540ac062d01,Tavu,357.26,Soup - Tomato Mush. Florentine
f9b1efa6-db4c-479b-aed8-6213faf087ea,Mydeo,5075.56,"Beans - Black Bean, Dry"
19fcb323-c81d-476b-a53f-8054a8a4f4fb,Gigabox,9473.51,Cloves - Ground
ddcccd6b-56a3-44c2-abf7-8b0d30ae2bb1,Yacero,1159.02,Beer - Original Organic Lager
7c043b79-62e6-4c2b-952d-b2e5b9a6bd25,Brainbox,6889.4,Potatoes - Mini Red
30fc7566-131f-4008-8890-f4ff51f9983c,Innotype,7509.87,"Beef - Ox Tongue, Pickled"
f0e386f0-b750-45fc-b3ae-e9a9933a3408,Snaptags,730.23,Sauce - Sesame Thai Dressing
623f3e2f-2cc7-438d-9f4e-6c5dba5f438e,Twiyo,7356.35,Dawn Professionl Pot And Pan
a81c2154-1aa3-4008-b84a-842d1dd8d6a6,Pixope,3052.55,"Wine - Red, Harrow Estates, Cab"
be77169a-e995-45fe-b7ad-f4e6828f6955,Skimia,8555.87,Avocado
6ea6f417-8b4b-4c50-ad83-67d298d7cf06,Browsecat,4466.7,Napkin Colour
4c79334e-b847-4e27-9701-964ddf335f93,Meejo,6394.92,Okra
65a9e1bb-6116-4f7c-b186-522bae32101b,Thoughtmix,2702.11,Neckerchief Blck
2b784f9d-de65-4840-8d86-5f7501eee9a3,Npath,4528.88,"Lamb - Shoulder, Boneless"
b4e5ae4f-d031-474f-a6ea-edd0314b754e,Skiptube,8402.97,Lettuce - Treviso
ca8ec893-36c2-454f-83ba-1fea81fb71dd,Reallinks,3052.88,Cheese - Mozzarella
7ea52515-f885-4e9c-838d-41cd6e17787c,Zooveo,8346.98,Wine - Savigny - Les - Beaune
fa4ac641-b477-488e-9be4-bb1be85cd409,Divavu,9401.51,Sugar - Individual Portions
614af6f6-3740-4374-b0b0-c6c9c0febbe6,Youspan,4463.92,Glass Clear 7 Oz Xl
ea77970c-4ce6-4172-abe2-22c6eec21b8e,Nlounge,2158.94,Lemon Tarts
41238331-7b29-46c1-9826-954f813f8236,Realmix,7340.99,Wine - Winzer Krems Gruner
79d35b01-35c5-420c-ba0d-784279e7b176,Kwimbee,5709.98,"Wine - Red, Wolf Blass, Yellow"
b5845090-22aa-4c3a-b49a-2faaba6a59c2,Flipopia,2272.51,Cake - Dulce De Leche
59e26f5d-c50c-4c5c-b78c-de9afa19981e,Devify,3764.03,Island Oasis - Pina Colada
8d2183da-f363-4c9c-8c40-a9e72921371f,Buzzbean,6361.3,Cheese - Asiago
b5e680d6-dc8d-4f8d-b1e8-ee4f8459e867,Topicware,1568.38,Sea Urchin
5fc4bb50-f7b1-4521-a6d6-7ed0c1fd5876,Jetwire,7134.21,"Mushrooms - Black, Dried"
c109cd5d-9650-40a8-9ecf-6f1a50fd7497,Zooxo,8115.82,Sauce - Oyster
975ec2b2-a6a4-4bd8-b2a4-1c2246190bf3,Zooveo,818.5,Beef - Kobe Striploin
04dda05c-960b-4672-a143-d54b7fc243f8,Snaptags,6320.46,Grapefruit - White
e84339c1-0007-44e9-a146-0617c4a065d2,Photospace,9400.59,"Turnip - White, Organic"
d6c4f718-13d9-4d0b-98bf-0aa3634cd09e,Fanoodle,5076.31,Truffle Cups - Red
d45ddf45-f208-4d9b-bac8-8cb9e892f197,Topicshots,618.74,Tarragon - Fresh
531e2fee-930a-493c-8c43-587621401775,Rhyloo,4993.72,Beer - Camerons Auburn
1e051741-2ea7-425e-bc7a-8a1737924356,Twitterwire,1574.97,"Juice - Tomato, 48 Oz"
75c4c608-2df8-45de-b2e0-b4c4988222df,Browsebug,8380.11,"Cod - Salted, Boneless"
f3ffed47-93cb-4246-ae61-509af16ee184,Realmix,8209.86,Sambuca - Ramazzotti
18237cc3-c49e-43cc-a0e3-08e8ada764f0,Realpoint,4378.05,Lychee
bb61620e-9037-4572-ae49-1f4d9c488fd9,Dynava,7360.6,"Lettuce - Mini Greens, Whole"
3ee50ce1-8944-4f80-b584-7a8f499bbbd1,Quamba,2326.88,Artichokes - Jerusalem
21c7f9b1-7872-4615-9686-9f345c0e25ef,Flipbug,4966.28,Cake - Sheet Strawberry
05099636-74a4-41bb-8113-d479cd1ad4df,Kare,631.11,"Coffee - Beans, Whole"
0e7b6697-ca1b-4852-b425-319416401b18,Devcast,7504.62,Truffle Paste
33374583-d638-490c-98e2-2be8297425af,Wordware,7627.07,Pepsi - 600ml
d5cfa74a-8889-4487-9715-db659cefba4c,Viva,2461.44,Beer - Labatt Blue
66c24512-1179-4fe4-a341-2b23cf9d3852,Rhyloo,3184.7,Guinea Fowl
7044af9d-b5b5-49cc-a293-f2a32da94e84,Skimia,9052.21,Beets
c7937441-9262-4937-a6a5-318e5676c7e8,Mynte,1114.14,"Wine - Saint - Bris 2002, Sauv"
ce696afa-548c-41fd-bf68-763a289b3afc,Pixope,8967.11,Ice Cream - Strawberry
699cf0e0-9f7e-4759-9c87-9925383e7079,Jabberbean,3589,Cookie Dough - Peanut Butter
283eda8f-fe21-4c8a-b478-8eedc9bc6a6c,Dynazzy,746.09,"Pepper - White, Ground"
b95407b8-379f-44bd-bf64-00644d0d89d6,LiveZ,5585.63,Buttons
f283b74e-aa6b-4e18-89d0-fb4aadb6d0dd,Zooveo,2269.72,Yucca
94683045-87c7-4d31-94b2-348921a2a34f,Twiyo,3157.3,"Pasta - Gnocchi, Potato"
17a6b8a6-9526-4256-abe6-d7fd76f96d3a,Wikizz,2483.32,Cilantro / Coriander - Fresh
5c072ead-2db7-4aed-8bc7-81c1d606b377,Livetube,7001.02,Beer - Sleeman Fine Porter
76d1c594-cfd9-4db1-bddd-db305b5bbe08,Tagtune,5844.52,Icecream - Dibs
2436b1e9-2638-4ea9-88ea-9c9ba9b538a9,Twitterwire,482.13,"Salt - Rock, Course"
61f72ca5-b887-4471-a448-e165f1057d4c,Yodo,3261.82,"Pork - Tenderloin, Frozen"
7cb4ca54-10bc-45eb-80f0-6f02b40bd909,Photojam,7217.88,Absolut Citron
c4f19f04-1cda-4899-9047-dbce65a1a98c,Kwinu,693.46,Shrimp - Black Tiger 16/20
aa11ee8b-dcfc-4fb9-8ea8-231c024eb5e3,Bluejam,1956.57,"Lemonade - Black Cherry, 591 Ml"
a7441729-0907-4264-bc61-35aab7fbd414,Skinder,6651.67,Ostrich - Fan Fillet
6c8f32f6-a7e3-4bf1-b5d2-0b4f969333a4,Brainverse,6774.37,Tea - Herbal - 6 Asst
d34a51f1-49c5-49af-b084-313605f4b41d,Oba,3948.12,Wine - Tribal Sauvignon
a17b4a3b-881a-429b-b3a4-1c8ded8cb6e4,Meevee,6603.22,Bread Crumbs - Japanese Style
d5a65e89-fd74-464f-a220-afff719f59e1,Jabberbean,7503.53,Vodka - Moskovskaya
9a02b680-84d6-4f6b-8a43-d0280c92c7e1,Thoughtbeat,560.81,Pear - Halves
9e170a00-36b3-4ad2-bac0-71e71f5d6444,Quamba,347.01,Capon - Whole
35ed460f-df8e-467e-8828-89708478dfe7,Digitube,8570.95,Carbonated Water - Strawberry
b4849d71-40dd-4533-acc9-353749f26fb0,Feedfish,8311.9,Bread - Italian Sesame Poly
c4d8e67a-26f4-4623-a01f-7dfb14449705,Mudo,7717.87,"Artichokes - Knobless, White"
8c980d47-6d16-4da4-b272-83ce19e20985,Meedoo,2512.66,Foam Espresso Cup Plain White
7b89979d-e089-4ff9-bffb-8d97bf7f1b07,Katz,2254.76,"Pasta - Linguini, Dry"
5e7a8492-8ec5-46fa-93f7-064689a9d006,Trilith,8620.54,Aspic - Light
f5393cdc-241d-409a-8755-19bbc638cfa4,Katz,8306.03,Jameson Irish Whiskey
cd51e6a5-3767-4fc4-968b-8e1d3088cd20,Abata,8788.74,Shrimp - Prawn
05f1db65-7c8b-4f62-a1f1-543695f9a988,Fadeo,2871.02,Longos - Chicken Cordon Bleu
bc1d1fc4-aab9-4c5f-9b4e-1f4f9764df92,Linkbridge,4702.94,Cookie Dough - Peanut Butter
994ada0f-f5b0-47c0-892d-94f27b258475,Zava,9297.24,Crackers - Soda / Saltins
ce9fe773-f8bc-42a7-b3aa-e7e3701ce783,Zoombeat,3157.59,"Yogurt - Strawberry, 175 Gr"
e39fa651-9c71-4005-ac71-494e5b38ef49,Avavee,1140.87,"Carrots - Purple, Organic"
9cbad049-8224-496e-b4b6-d9d965611228,Voolia,3857.23,Beer - Paulaner Hefeweisse
c1d09437-2eb3-45e1-9e5b-baa73f8f3e7f,Dabfeed,4114.06,"Juice - V8, Tomato"
659efa9c-c280-4ac6-932b-626a9d227c25,Agivu,9688.14,Water - Green Tea Refresher
d643aa2c-ec79-41b5-8745-19369dd9b905,Blogtag,4530.4,"Cake Circle, Paprus"
2e1662ed-a064-4373-b26c-2d7918650595,Yakitri,3349.81,Goldschalger
c796b5e6-8737-4ab2-9593-80952d10724f,Skyba,1715.99,Cornstarch
1b7519b3-3e2d-4df0-bea0-b4464128260f,Avamm,5228.17,Pepper - Gypsy Pepper
f85d21d5-f511-4c6d-949b-c099aa79cd29,Wikizz,787.4,"Wine - White, Ej Gallo"
25d2a078-5d6e-441c-aa49-51f3d54f1542,Aimbu,7323.4,Veal - Inside
b3b36818-da40-4539-a939-3be6720ac786,Oozz,7725.89,Bacardi Breezer - Strawberry
908c0cb4-cf75-4054-947c-04a1b3aa0a69,Yoveo,3970.87,Wine - Zinfandel California 2002
500bcb32-a09e-4c78-ac73-1a14b62b1b35,Divape,2632.91,Lamb - Ground
a316f9f5-db7e-4335-88a0-94c795d78858,Skiptube,5537.05,"Water, Tap"
e39b4cd6-fdf6-47a7-80f9-30edb3bf9167,Topdrive,578.1,Goulash Seasoning
762b3513-6277-4e4e-acae-71f25fa7661d,Teklist,9655.25,"Quail - Whole, Bone - In"
f8559e1b-4f97-49a9-887a-ad01ad028c90,Katz,6581.87,Veal - Provimi Inside
57fdecd5-3678-4121-b0c5-218823cc59d4,Topiczoom,9378.87,Brandy Apricot
d62fc464-9f74-4366-9ee8-848a5bcb52dc,Devcast,3048.44,Black Currants
a94d9d3e-7ade-4283-98e5-dd9158be7e3f,Oyondu,5601.15,Island Oasis - Banana Daiquiri
7b7965da-a684-45eb-b733-8fa3f021a502,Meeveo,4460.5,"Chicken - Diced, Cooked"
5c0b2d97-8ded-4604-961e-cc28ae4be56c,Zooveo,6580.37,Cup - 8oz Coffee Perforated
341af02b-0d15-4d0f-818d-a29a84d96109,Kwinu,3705.33,Chinese Foods - Thick Noodles
bea88aad-c1eb-471a-b01d-0a4bef8ed689,Eayo,9765.53,Rosemary - Dry
40cc42fa-d787-45d5-8f5c-8ec070d03c67,Linklinks,1125.08,Sprouts - Corn
01720e38-fc45-4d91-a3eb-0a8bb41f8b2c,Dynava,2004.65,Soup Campbells Split Pea And Ham
ab73621d-ec26-4e0d-91dd-42a2bead5189,Reallinks,1447.81,Beef - Striploin Aa
9632a198-9df4-4d0c-8703-c4aae553cacf,Layo,9914.43,Wine - Pinot Noir Latour
02afe81e-e708-4b24-ad36-0802f2c25bdb,Zooxo,6180.56,Compound - Strawberry
f83cf801-f296-40db-8a99-5766e80b493d,Ailane,5302.58,Marjoram - Fresh
903c955c-19ab-4b4f-8c78-6c37b1cb3dbc,Realblab,6725.46,Sprouts - Onion
798a922a-d612-4361-8598-17d9957b776e,Zoombox,7816.35,"Nut - Chestnuts, Whole"
27fcd844-93c4-472d-88c9-c6f52d1e9d97,Kare,7252.72,Gelatine Leaves - Bulk
84273ae7-639e-4cfc-8af7-1a459067c9d4,Kanoodle,8653.71,V8 - Berry Blend
2af3d270-cf8c-4fcf-adcb-e44b078f59c5,Skyba,7876.09,"Pineapple - Canned, Rings"
88547bff-8bf0-439b-8f87-48a08bc23b14,Brightbean,1759.86,"Gingerale - Schweppes, 355 Ml"
97177616-a1b4-4170-b6d1-f1bc669a90f0,Youspan,3671.82,Bread Cranberry Foccacia
b807f805-a0ca-441e-a811-afe348547176,DabZ,2494.55,"Club Soda - Schweppes, 355 Ml"
4c55a9d9-d54b-4f64-aa1b-0942d998d440,Avavee,1981.82,Magnotta - Bel Paese White
5a848901-2918-4cee-ab22-1110eafa25cc,Youfeed,7818.68,Beer - Rickards Red
79321e67-d95f-4332-9f86-e5aa1685b8f4,Twitternation,8759.17,"Wine - White, Ej Gallo"
eedf7d9c-8f53-4d8c-85e6-c4e26ac63bf9,Pixope,3805.39,Carrots - Jumbo
eb923752-660c-479f-83af-3d3b7445062a,Mymm,7798.23,Beef - Tenderloin - Aa
ed055ceb-2211-496a-8f69-65bba9e6c780,Vitz,5717.01,Soup - Campbells Chili
1051f697-28ff-447f-b0fd-7fbdd22b4955,Edgetag,790.97,Nescafe - Frothy French Vanilla
3acd52ae-a8aa-4718-8ed4-09be61254e4b,Bubblebox,6097.07,Pastry - Baked Cinnamon Stick
b6d60f4c-a2e8-497d-b708-3af8c41f7d66,Edgeclub,4570.51,"Tendrils - Baby Pea, Organic"
f193c20b-ae33-4436-af02-f66a176864ee,Plajo,4630.69,Soupcontfoam16oz 116con
eda2b26c-44d5-4837-ba1c-7c9f2fe3b7dd,Bubblebox,2081.45,Capers - Ox Eye Daisy
958913e6-d6fc-4ce5-997f-e6cf18e1508e,Tagopia,6730.2,"Ice - Clear, 300 Lb For Carving"
f57d2dc8-fd66-4935-b9a2-bbe4639ec77b,Dabvine,8344.78,Pepperoni Slices
0dfe2414-1ccc-42c3-9fb4-009384edad62,Mydeo,3047.6,Passion Fruit
13e02fb1-4931-4efe-9744-9866c03f754c,Twitterworks,9472.37,Pork Casing
7479b043-12b1-46d0-bbcf-6f56ec6ef014,Eire,9144.27,Corn - Mini
9175c971-9350-4943-9f8c-e67ba6ce60e6,Yata,266.49,Puff Pastry - Slab
b1f99c89-01bc-4159-a2e8-726cc10369c2,Jaxspan,7439.85,"Coconut - Shredded, Sweet"
ff468ee6-c9b2-4b8b-a195-675f0333e921,Bubblebox,6057.22,Milk - Homo
faad1f83-709e-4e85-a319-f1ed49f562c0,Livetube,9164.58,Flour - Pastry
cc434e95-81cb-4014-8284-cf07bc6bf517,Mydeo,8697.74,"Syrup - Monin, Irish Cream"
bea91dc2-690c-4f97-9496-f19cd3cfb832,Gigazoom,2175.17,Bacardi Mojito
acbefc00-b8d8-4bb9-a6a8-e71f81aab164,Skalith,5308.42,Juice - Propel Sport
5ed95491-6c41-42e7-bb93-342fabd1ef09,Meejo,7005.02,Mushroom Morel Fresh
023d52d8-a054-481b-a92a-49eadf30d6c8,Shuffletag,6685.63,"Red Snapper - Fresh, Whole"
4c5f5791-8360-4e55-8954-b4d18de6f83e,Skalith,3644.22,Napkin - Beverage 1 Ply
027c9dfb-d0e1-4010-a076-acfc04b660ac,Skyble,3923.29,Cheese - Le Cru Du Clocher
d5985eab-f43a-4b09-bcbc-b06ab0cfa32e,Riffpedia,5848.64,"Beans - Black Bean, Canned"
267d7c48-cfc1-40e2-96a0-0dafd8dc018f,Skinix,9002.35,Wine - Rioja Campo Viejo
60b7a35d-489a-4e73-a379-ccf6633fd665,Devify,960.22,Noodles - Steamed Chow Mein
d13163fd-1eb6-4a0c-9f67-8756f2c49b7c,Photolist,655.05,Bread - White Epi Baguette
cdce6643-581a-4493-b19b-e38fb3016fe5,Oyonder,3246.33,Coffee - Dark Roast
a3665e69-6f58-4408-9361-51c1facc46d4,Tavu,8115.28,"Napkin - Cocktail,beige 2 - Ply"
69420999-6b99-405f-bc36-2ba9ea6996db,Skyvu,3141.98,Artichoke - Fresh
caead50b-e6e6-49b2-9695-df08ba7d9389,Midel,1864.65,Vinegar - Red Wine
60c61bb7-219a-421b-87a5-46056297de72,Vipe,5310.07,Shiro Miso
bb9bf1f2-8524-4ec0-a5e2-9170ceae3cb5,Abata,4497.7,Munchies Honey Sweet Trail Mix
9b40b07f-7275-4beb-bab4-471431d1d8d5,Mynte,5354.43,Cheese - Cottage Cheese
88cd43b6-3c98-4e3a-a93f-b57b74c85f63,Yambee,945.12,Irish Cream - Butterscotch
9d6bf891-1a01-4d9f-aecf-605a429441d6,Edgewire,6642.64,Bagel - Sesame Seed Presliced
82d55570-1c5a-47a8-865e-972200f3b5fc,Meezzy,6569.26,Fudge - Chocolate Fudge
290ba33b-ee21-4ca6-b0f2-192bbef8e90e,Wikizz,5584.5,Nantucket Orange Juice
efba92ed-1fda-4833-8ace-ec8482492557,Eare,4870.83,"Lid - High Heat, Super Clear"
5d4dbcdd-2096-4b35-a92f-67f0791a700a,Kwideo,9060.45,Icecream Bar - Del Monte
a3485128-cacd-4581-9f58-02fd3c1ae346,DabZ,9055.21,Ocean Spray - Kiwi Strawberry
6757733b-8f22-4324-ba04-1d4d61363439,Thoughtsphere,8024.91,Onions - White
bead7b1b-2d52-4174-8325-2e6ec5f118cb,Flashspan,1452.77,Remy Red
d5b4a1fc-51c5-4369-b2a9-73b72a74fd72,Talane,8738.28,Wine - Wyndham Estate Bin 777
51022410-a902-4993-aa6a-5bfad254792b,Mydeo,9561.02,Bagel - Whole White Sesame
32e51da0-e1a8-43b2-a4d3-5e01b0b3b45a,Aimbu,4582.89,White Fish - Filets
5c1fadc9-8735-4b8d-8a02-31caa6379676,Flashset,5245.51,Ice Cream Bar - Drumstick
f0c6370c-5117-450f-afe6-cf1cc9063ddc,Devify,6688.4,Oil - Sunflower
86409a48-43cc-4a10-a9a9-a7059f8c1ace,Brainbox,718.38,"Iced Tea - Lemon, 460 Ml"
7dd5739a-e7b9-43ea-bed7-c521dae99557,Skidoo,3295.45,"Juice - Cranberry, 341 Ml"
81aee85d-9887-4068-b57a-c61c7e13eb75,Ozu,849.67,Beef - Striploin
2486ac56-e79c-4b96-83af-ddbb43cd25ae,Youspan,3087.61,Island Oasis - Magarita Mix
22410d97-fa5a-47db-a172-23871e462992,Innojam,3797.27,Pecan Raisin - Tarts
a91a7544-8518-45f4-ac31-c65b72b0919a,Oloo,9787.56,Wine - Pinot Noir Latour
2683131c-245a-4d34-9008-aeec8f94eb07,Browsezoom,7635.63,Onion - Dried
e029adf8-574c-4b53-befa-36b3e1937221,Fadeo,9445.79,Bread - Rosemary Focaccia
0f562e5d-73ba-481c-9656-02387fbfe877,Aimbu,2182.06,Flour - Teff
2b65d865-a8bb-4442-8443-2855088a9dc8,Voomm,9314.61,Ham - Cooked
7eafc405-53a0-4c10-840a-37483f742af9,Devify,9891.61,"Beans - Black Bean, Preserved"
edf0948c-f978-4227-a07d-76a240a0c33e,Voonyx,1522.28,Cranberries - Dry
f7930eec-0924-4aa6-a13a-fd436a9a6013,Lazz,1918.51,Calvados - Boulard
0a720550-6d68-4d89-b575-98e7b3950de6,Lazz,2517.86,Chick Peas - Dried
a959a37f-a55a-493e-82d7-ebdb05f7a538,Dynazzy,9851.35,Grouper - Fresh
f5227cea-d046-4a3c-8cde-9de1843d47b4,Meeveo,7668.54,Pie Pecan
a0900262-5679-482d-b77e-131716e32863,Roodel,844.22,Bread - Sour Sticks With Onion
ff1402d5-5cf3-4cb5-beff-a70dc068e21a,Shufflester,814.01,Beef Cheek Fresh
67239d03-889d-42c3-a459-fa00b994974a,Youfeed,8026.79,Bagel - Whole White Sesame
69c71809-dce9-4fa5-8444-07dd2c9e3249,Photobean,3384.52,Potatoes - Yukon Gold 5 Oz
2b2e5526-eb9f-4dd3-93f4-a1707ebe2ca9,Skajo,5348.45,Beef - Salted
4fa5913f-dad4-48b9-bc74-1081c3edff78,Yozio,9068.08,Oven Mitt - 13 Inch
30a33768-75b4-4414-9ab8-7425ef9b9e31,Vipe,4537.56,"Cake Circle, Paprus"
a2b8c4e1-1ac5-44d8-bf0b-e07edec8e06c,Roodel,1826.98,"Soup - Campbells, Classic Chix"
e31c94b6-82d0-46ed-a9f2-022a6334a910,Photospace,2258.32,Shrimp - Black Tiger 8 - 12
b3f2c005-cf86-4654-8164-2ccc385c0470,Nlounge,4354.07,Muffin - Zero Transfat
9729fe39-6fc7-48eb-bf2a-a8a492f93819,Fivebridge,5555.12,Soup V8 Roasted Red Pepper
df2bfdcf-1541-44c4-bd08-07d189cb5ecc,Centidel,3883.91,Figs
5c380448-ddcf-4156-99e4-bc8653ab5ffa,Feedbug,776.1,"Sole - Dover, Whole, Fresh"
6193d053-f1da-4a53-a3ae-e9af852e5f83,Innotype,2196.75,Calypso - Black Cherry Lemonade
a63c6e81-f44e-49f9-9a94-02f79cb0409c,Jabbercube,877.92,"Ecolab - Orange Frc, Cleaner"
2a5d9b55-9f86-424a-aa52-ed3c9f85d646,Flipstorm,1980.62,"Juice - Pineapple, 341 Ml"
03026315-0a34-4e42-a437-5110d7e9542c,Zooveo,9583.97,Pastry - Cherry Danish - Mini
41839fbc-57a4-4711-b62c-275e08084740,Zoombox,3272.14,Boogies
91619556-4b9a-42b6-932f-26abcf0bd4ef,Linklinks,8642.26,"Radish - Black, Winter, Organic"
dd09ad9b-64fd-4380-a237-0b59b71d5f86,Jaxworks,8692.15,"Capon - Breast, Wing On"
a55085bd-e39e-4423-9ded-0efdab57dcb0,Youspan,3022.4,"Cheese - Brie,danish"
b153bb85-9239-408d-9730-ef9b48ae247b,Riffpath,6891.07,Bacardi Mojito
0fc8c7b4-22b4-4c10-8d8a-b2b1e63996ed,Fivechat,16.07,Wine - Marlbourough Sauv Blanc
6d85ec4d-e7c8-47b7-85a9-d05a8cf8e03e,Edgeblab,3056.8,Sole - Iqf
10678d07-3621-47d8-95a7-f006a04f0dc7,Talane,306.19,Onions - Spanish
6d534744-f3b7-4c8d-93d6-a28def78cc9a,Demivee,3506.18,"Leeks - Baby, White"
e6b55784-708f-4450-be7d-1f70ab793fd0,Livetube,7957.57,Cilantro / Coriander - Fresh
fb32544e-1d44-42fb-9b74-ba822be05aa0,Quamba,6037.06,"Soup - Campbells, Minestrone"
f40acfee-3cca-474c-b30e-98285608df60,Rhyloo,1585.99,"Clams - Littleneck, Whole"
81052e13-7c0a-43ab-a2aa-0d0278173077,Oyoyo,5444.06,Chickensplit Half
51679933-0404-47ec-8b75-fef6ca0d5f06,Dabvine,6822.71,Cup - 8oz Coffee Perforated
d29b94db-05a4-4309-8b26-de615dd71af7,Gabvine,4312.37,Potatoes - Peeled
25727e4f-1ab8-41fc-80fc-e9a6c7a67e2d,Skivee,3638.52,Extract - Lemon
ae9ca63e-6d33-4672-98cd-c9cfe5ab7479,Avavee,8281.11,Tea - Lemon Green Tea
f5953f44-c73d-46fd-b1f2-eb43aef75a57,Devpoint,1339.19,Salad Dressing
0787faa1-5149-4b34-a66c-458c15d223ae,Podcat,3607.78,"Zucchini - Mini, Green"
39bf5907-ead7-4ff8-8b2c-ea6b59d6b10c,Oyope,48.69,Cherries - Frozen
6925135a-f937-4a79-ac89-4ae87709b8da,Miboo,8894.39,Maple Syrup
b102c741-2cad-449d-a7f9-fe8bdc05faaf,Photolist,3686.34,Syrup - Monin - Blue Curacao
730540d8-33d1-41d9-83cb-ed6d8928874f,Roomm,1978.54,Blouse / Shirt / Sweater
85830630-b2b7-4630-b0ed-fd6ae38860c1,Devbug,4397.59,Island Oasis - Sweet And Sour Mix
6ea9ca20-c8db-4a3f-8298-8ae1c008c78e,Skipfire,8178.67,Wine - Pinot Noir Pond Haddock
5a6e7655-b10b-45f4-a868-914c6472a3f1,Thoughtbeat,3207.31,"Butter - Salted, Micro"
24dde7e5-fd94-4674-93c7-86ea3b16b0b8,Youbridge,6551.15,Bread - Kimel Stick Poly
64123839-c762-4dd2-80fa-4221f2359739,Pixoboo,9580.84,Pepper - Green
08d5e6bf-8375-45b3-8256-cbbcee90e4f8,Jamia,5563.31,Garbag Bags - Black
a35a129e-8726-41a3-a33a-85bbefbc6231,Brainbox,4661.46,Wine - Ruffino Chianti Classico
d347cf9c-b50e-4b7e-9128-192dcde61d59,Meemm,908.45,Muffin - Blueberry Individual
0e4acb36-f8a0-45da-bb79-defdf7c14d08,Voonyx,9916.9,Wine - Beaujolais Villages
d6e4f989-e940-4872-838c-abf4acc8d2bf,Skidoo,6906.98,Olive - Spread Tapenade
4e92f772-0725-40fc-8d6d-4dc211b05999,Yamia,5744.25,Wheat - Soft Kernal Of Wheat
cc907d9a-81b4-4dde-be21-f9827e89abff,Blogspan,6942.02,"Bread - Roll, Canadian Dinner"
1581f619-5b65-4356-a8fc-081196bb9528,Einti,6784.85,Cup - 4oz Translucent
2d2f5346-ea0f-4a82-81fd-4d690221b088,Photojam,8044.24,Orange - Tangerine
4b45f20b-80ae-44a8-9198-14cc322ee38f,Babblestorm,2765.05,Pastry - Plain Baked Croissant
b315b173-d91b-4f29-8099-eff3844dd443,Linklinks,1067.45,Wasabi Powder
5746aa09-079f-4e6b-b585-1ce0a5231f29,Eare,8454.06,Longos - Lasagna Beef
335e0c56-6f38-4429-9c72-df47278c772a,Jamia,6048.31,Juice - Mango
7948c510-a93d-4f3e-9032-144b61e847e8,Shuffledrive,4859.72,Cloves - Ground
8f4b505d-6385-46fe-b75b-8b141796f0fd,Jazzy,2384.72,"Rice Pilaf, Dry,package"
3df2b449-5758-4fd2-be5c-dab7a74f124a,Skinte,2719.66,Wasabi Powder
accbceb0-303c-4613-8a56-77bca0d5e1fc,Npath,800.86,Food Colouring - Green
5159f369-8a5a-4ac0-a410-9d0edf729f2c,Oyondu,5671.34,V8 - Tropical Blend
f24f6fd2-dc44-4b84-aeb7-c7d4e74d642e,Bluejam,2494.09,Sauerkraut
1ddee5b4-93c1-4aa9-bf17-4e17f5432b40,Brightdog,9987.58,Oil - Peanut
71900acd-e2d4-4be9-9477-0f4ba7d07838,Meezzy,5645.6,Bread - Olive Dinner Roll
ad70893b-3005-4b54-a836-05e0ce5e21b1,Edgeify,9203.44,Puff Pastry - Slab
d20c1cfb-afa3-4013-971a-3f8590fe40c1,Avaveo,4968.28,Olive - Spread Tapenade
371d2410-6664-4bba-b4d0-4b322c014ec8,Snaptags,9476.68,Cleaner - Comet
60073a23-7577-41e4-81be-4de0952b2c43,Gigabox,2381.59,Wine - George Duboeuf Rose
06ca2527-306f-4a65-a9e9-aec7a4ccceda,Quinu,1830.36,Lady Fingers
58cf1593-fa2f-4e35-8194-ffdc61ec082a,Reallinks,5596.28,Cheese - Roquefort Pappillon
2ad9ccff-f38d-4f36-b7ad-95c73f9635c8,Bubbletube,5581.08,"Oil - Olive, Extra Virgin"
b4c73522-02c0-4b96-b549-d8be67607c71,Lazzy,9456.81,Table Cloth 54x72 White
99a94200-b2dd-402a-ac0c-e5e8979374cc,Skibox,1397.47,Bread - Wheat Baguette
a9a83a4e-ada7-4215-b03c-f2893dd46802,Thoughtsphere,1927.06,Sultanas
e74ff0f8-6870-4190-a58e-f3188a826a47,Jabbersphere,9967.18,Bread - Petit Baguette
b2ce47c9-554b-4b2e-af35-2da87dc1c481,Thoughtbeat,3289.31,Extract Vanilla Pure
4ee32059-02fe-492e-82d7-05d878439220,Dablist,8876.63,"Pasta - Spaghetti, Dry"
a58c448c-d122-43b7-9a3c-f91553d15791,Jayo,4876.17,Chocolate - Dark Callets
cba8710b-727b-4b1e-b186-600be8fe9bc8,Centizu,9418.54,Nantucket Orange Juice
6f61096c-710c-4b34-b3f1-406c1db1f807,Skippad,973.92,Veal - Heart
3531bedf-f477-4580-8f4f-586b4049c363,Voonder,6529.75,Butter - Unsalted
7a6acc94-a8f3-419f-9310-a5a8d0818345,Meeveo,1661.55,Longos - Chicken Caeser Salad
f9af5ee4-ae4c-4bb7-86e2-7b7646c494f7,Jatri,4079.36,"Lemonade - Black Cherry, 591 Ml"
b33b1104-adeb-43ab-a9f7-fdba1e026aee,Riffpedia,7802.53,Truffle Cups Green
9d960a4c-7fce-41ee-8793-96b04b1daf96,Oyoyo,7181.43,Huck White Towels
fcffbf67-bc36-4de0-9bb5-0c70d413ceba,Twitternation,8027.67,"Bread - White, Sliced"
71931eda-755c-46de-9342-8b15b8c1be6e,Youtags,8428.8,Coffee - Decafenated
d05867f5-f372-44ac-b6ff-5e3b16266294,Tekfly,4474.23,Coffee - Hazelnut Cream
19b38f7e-0265-43c2-923a-f3a7e8ae9950,Skibox,2223.63,Dried Apple
d8449d9d-eedc-4a00-8cf1-305238776eb3,Youtags,2590.78,Curry Paste - Green Masala
45d7506f-6b13-42b2-9d2d-19ebf7f7437c,Realfire,8422.78,Hipnotiq Liquor
d2278782-0303-4f0c-a591-763e21b18a6d,Youtags,5957.69,Bread - Multigrain Oval
e7169cc4-aedc-4c9a-bd1c-2b7274b56b85,Babbleopia,7071.64,Rosemary - Fresh
ff44715e-755c-4009-a189-44158cd1a5f8,Youfeed,7610.27,Bread - White Mini Epi
7a34fa6a-dc15-4426-b62f-ac2c1418d6df,Dabvine,5978.23,Icecream Cone - Areo Chocolate
1dfca858-5b35-4902-b8cd-90431a1daf36,Livetube,5003.48,Wine - Tribal Sauvignon
24f8b624-09fa-4328-baa1-86973459a39b,Topiczoom,4366.52,Flour - Chickpea
a0ed5cf7-6cf2-4819-a50e-aa14861f2d02,Eabox,9493.12,Campari
7e9ef736-3f32-405e-9f3b-7be2321ec123,Zava,1492.77,Pail With Metal Handle 16l White
18e9cb13-0e3a-4fbc-b11c-821aeb0220ae,Chatterbridge,5803.18,Beef - Short Ribs
64d7d467-eb93-43dd-bba2-dc22cf33cd30,Jaxspan,2550.16,Duck - Whole
ad407e1d-6b4c-4c53-b932-116614602e43,Meezzy,9477.4,Bread Base - Gold Formel
fb97735e-a255-4e3c-a14d-c1e5b8fee252,Shufflester,6864.6,Sprouts - Onion
87330dbc-6701-4fcf-a11d-413424c1e19a,Eayo,4785.53,Veal - Ground
b29bc4eb-8d82-4ab5-ba5b-0278a340e9ce,Dabjam,9819.77,Island Oasis - Peach Daiquiri
0e2dc2b3-d5dd-4463-968f-5bb58f81f917,Youspan,7241.06,Kellogs Raisan Bran Bars
b697dcc3-3b42-4367-ae9a-9e5edf195c8a,Roodel,9088.7,Coconut - Whole
77b29d16-4c97-4a40-adb4-a4698f0a0a79,Myworks,1555.8,Oregano - Fresh
28f5b495-d1d8-4576-bd79-e74f777565e2,Twimm,8657.38,Hagen Daza - Dk Choocolate
fb4a7fda-5dcc-4972-9794-604e05628dec,Gabtune,1029.94,"Nut - Walnut, Pieces"
8195b5cc-166a-4a4c-9948-ae590d820bc9,Meembee,4910.57,"Jam - Blackberry, 20 Ml Jar"
8773bdbf-6307-4b6f-b1cc-9dcf66852c94,Ainyx,1566.75,Grouper - Fresh
61574bbe-c94d-4ee5-b354-2bc9bfd0fb02,Oyoloo,3103.65,Wine - Soave Folonari
a04539c6-30e8-484a-98d7-2a2b354244b4,Topicblab,439.67,Pork - Smoked Back Bacon
97c90ea0-0e45-44e6-ab12-81b5d3e13516,Voomm,9908,Hot Chocolate - Individual
cd0e0743-4b63-48f1-a4fa-8f9447697558,Skivee,9135.95,Chocolate - Compound Coating
91807e38-9c73-4dbc-a897-99d537ad1c05,Zoonoodle,905.59,Bamboo Shoots - Sliced
185ff7de-dab8-4bd4-850f-cbd509544308,Youbridge,27.44,Wine - Masi Valpolocell
472986bd-13bd-4078-8160-e35162ca9b45,Dabfeed,2462.96,Muffin - Blueberry Individual
cbc0ccd0-7683-462b-ade0-213d2d2005e3,Yambee,7326.39,Dr. Pepper - 355ml
c4bade76-0810-4cb2-af66-81ad1b80892e,Youtags,3225.87,Magnotta Bel Paese Red
63c6d988-d12d-47b0-8b63-8adbbb2c3c27,Voolith,9489.71,Duck - Whole
4466f6e8-ce03-425a-bc11-5a73a5c3134f,Divape,756.32,Squash - Acorn
a26ec7ec-22a5-45e4-bef1-f31a233b4af2,Bluezoom,8610.77,"Tomatoes - Plum, Canned"
628a9596-4b79-4a4f-91ac-7044b6dcbdee,Wikizz,4503.39,Juice Peach Nectar
19414bbc-4b76-4ede-8b35-c8b92e1a9ad5,Photobug,1973.92,Sprite - 355 Ml
d626eae3-864c-4693-9258-fce0455a166b,Youtags,1871.13,Veal - Nuckle
53d6300b-5f15-4c3f-97bd-88e137171a70,Omba,4434.45,Compound - Rum
2ad9ccda-860a-476f-8410-99ee636e2fa6,Livefish,4058.91,Flavouring - Orange
ab3f6b0f-df32-426f-b5e4-e5afab4632c4,Yotz,8987.46,Rice - Aborio
553f1873-df10-4698-98e6-9a1e0f7091c1,Twitternation,8484.94,Cookies - Englishbay Chochip
144a33e1-a2f8-4251-a68c-11cba102da46,Skajo,8671.19,"Vodka - Lemon, Absolut"
cee77ac8-e2b0-4db2-a634-f80ca6047000,Digitube,848.63,Chicken Thigh - Bone Out
93c1b20b-c92c-4e3e-9d52-128be131e049,Zooveo,69.09,Wine - Alicanca Vinho Verde
f15d7326-ff66-41f4-a6b3-f002f6bff8ae,Wikibox,6239.45,Stainless Steel Cleaner Vision
d473be8b-1902-4939-8a20-6ba315280fb2,Midel,6275.85,Pasta - Agnolotti - Butternut
30ff9f0e-d997-4cfd-9faa-545306e29df0,Brightbean,5489.44,Hot Choc Vending
0e1bfffe-e842-4e28-9a43-e0e65d824a9d,Flashpoint,3128,Rice Wine - Aji Mirin
7dbe5a00-d1b1-4169-9a61-518684987f3a,Jabberbean,304.81,Wine - Magnotta - Belpaese
c5522400-74db-401b-b296-46d52bffac49,Vitz,7055.4,Mustard - Individual Pkg
89331fbf-ea9e-46a3-8a15-262937b708ba,Realpoint,5156.79,Puree - Passion Fruit
0f86e91a-8013-4ed3-a507-0c43b49b40d7,Jaxnation,1231.03,Bread - Italian Sesame Poly
3492a205-cce2-4b80-b230-2a2ce6f8a4e2,Wikizz,7722.01,"Juice - Tomato, 10 Oz"
5ffb1455-2886-471c-a7fb-5069d3bc6912,Wordpedia,4553,Spring Roll Wrappers
8ffed4a9-e55c-4b01-b75c-e6a7c8a94263,Yadel,5077.49,Ginsing - Fresh
d1bdf0ca-09f4-4e0c-a2c7-da220853e385,Pixope,5303.45,Bread - Italian Corn Meal Poly
0c39fff6-83d9-4e2b-be24-6ebdfcdc151a,Buzzster,8209.38,Scallop - St. Jaques
509b44ca-6fb6-409c-8d79-d5c9a986e7d2,Meejo,9209.12,Muffin Batt - Carrot Spice
cc285264-43f7-4aac-971a-93d69694586f,Tagfeed,8556.49,Aromat Spice / Seasoning
0fb150ac-cdc0-492b-9377-caca04d36eb5,Buzzdog,37.16,Pie Filling - Pumpkin
d0b46152-5e87-41c0-8e76-ca876c325938,Kazu,1807.94,Pepper - Pablano
bb256594-9afc-4c1d-96eb-e673d86eb91b,Yambee,4661.87,"Coke - Classic, 355 Ml"
9b327093-2050-4711-886d-35f60f1feb14,Edgetag,343.33,Cookie Trail Mix
6f86ef85-9175-4cfd-b80f-6a119cbecba2,Browsebug,7716.87,"Pasta - Shells, Medium, Dry"
0f3a8030-3e68-43ae-8c62-6d6633c0838f,Topiclounge,8774.04,Wine - Magnotta - Belpaese
c5ae4d67-d67c-4b4b-a25c-bebd4f2b080b,Vidoo,6064,Cornstarch
d215ad93-5509-4bc8-88fc-6233f76418e5,Realmix,5492.17,Wine - Vidal Icewine Magnotta
cb5de41e-de21-4827-a478-95bf554ff99f,Zoomdog,3740.4,Snapple Raspberry Tea
32542713-ae33-4a4d-871c-545bae6265ea,Dablist,1338.05,Eggs - Extra Large
33c1094a-a40d-4370-ba4e-aeeba19e8fa7,Thoughtsphere,5840.27,"Crab - Blue, Frozen"
395b82fe-ab01-4d33-8ef5-c07490653eee,Browseblab,86.46,Calypso - Black Cherry Lemonade
e7e89ef0-d10e-446e-b3d7-5f29ea089769,Fivebridge,917.5,"Rum - Dark, Bacardi, Black"
75fdacba-60e2-473c-ba2e-3d00c3acfe1f,Linklinks,9973.26,Shortbread - Cookie Crumbs
d65d4ac5-6fa8-47b8-a8bf-4008ff89a227,Blogspan,3669.56,Irish Cream - Baileys
db7b9c8f-ac45-4593-973e-37c845b7f99c,Twiyo,8430.3,Sprouts - China Rose
1dc2756b-66f9-4731-a1ba-2f8b815a21ac,Trilia,2422.41,Banana
fb005759-77c2-4231-891f-764a63e2d12f,Eadel,9633.89,Wine - Black Tower Qr
6701bacc-2f6a-4307-b550-70505ac4421e,Thoughtstorm,9753.12,Potatoes - Idaho 80 Count
126f84db-2b1c-4421-9ecf-3993b01f86c0,Photobug,1879.3,Sauce - Oyster
e2e2af2f-0e77-45b5-a3ee-56460a56a87c,Kamba,1342.2,Muffin Mix - Banana Nut
60016e01-d509-480a-abfd-a5b86a50b86e,Pixope,5252.73,Cheese - Gouda
2c7cd3ae-5ee5-4a7d-98b3-3a61c651e3e7,Devpoint,1711.53,Table Cloth 91x91 Colour
91461cfe-34ce-48c4-b5b8-eb2b9bfb6495,Yombu,2985.42,Pizza Pizza Dough
2eef588c-1470-4dcd-8170-a924d7e04735,Jabberbean,4006.99,Syrup - Monin - Passion Fruit
6d0b60fe-2184-4177-829f-5a7ca41a1d72,Dabjam,1742.61,Wine - Rhine Riesling Wolf Blass
90ff9539-8608-4d09-97ab-593dacbef24f,Fivechat,9220.24,Swordfish Loin Portions
bc9372f2-7c34-4141-88b6-01617f7f8932,Livetube,1113.83,Raisin - Golden
95ff247d-763c-483e-879e-26328accad95,Devbug,9516.76,Teriyaki Sauce
a61c7332-0fa3-4ea7-a247-adcf5fb61e34,Dabtype,9808.26,Wine - Savigny - Les - Beaune
07ce0407-7da0-4365-a0b8-237a2881215f,Realmix,506.72,"Tomatoes - Diced, Canned"
37185009-bd23-44b1-92fb-cb48499d9438,Skinix,1752.06,"Pasta - Gnocchi, Potato"
d8f64ff5-8f15-4d82-8c27-2145951974a5,Kazu,7358.19,Lotus Root
826a1863-d45c-4e20-a50c-7fd3fa9b97e0,Fivespan,7507.22,"Juice - Tomato, 10 Oz"
2508a021-2f60-4772-b4c4-03a57eb5e682,Skyvu,9378.22,Pectin
7f661bf8-f3aa-4a0a-b13d-91b677d7971b,Leenti,2546.96,"Juice - Pineapple, 48 Oz"
5c5ff397-5ab1-4213-b72e-1cbf2384b1c4,Mynte,3257.21,Sterno - Chafing Dish Fuel
7d81b95c-2169-479f-9551-34b63259b61b,Trudeo,1622.25,Jameson Irish Whiskey
e0b5503d-c356-42c8-ba8e-af93effe6178,Feedfire,2540.79,"Lemonade - Kiwi, 591 Ml"
2802323b-31ef-488a-b2ad-6d3a3b807c90,Jaloo,2532.32,Soup - Campbells Chicken
70b725e3-fe9a-450b-be8b-045587e62eb8,Digitube,1976.18,"Water - Spring Water, 355 Ml"
32554c4d-8faa-49b6-8462-1cef44750c52,Riffpath,4522.91,Taro Root
3f2aabbc-8ac6-4950-af61-0dc25e701bfd,Realfire,1644.7,Beer - Original Organic Lager
842783f4-d7a8-4084-92b3-7f9327a5741c,Lazzy,2030.68,"Soup - Campbells, Classic Chix"
414c6230-a0c9-49c0-9fbd-f4fae474f034,Oozz,4181.04,"Bread - Roll, Italian"
4e969e97-dcd7-495d-9fd2-9ebb1fcdc3c5,Devify,5974.47,Bouq All Italian - Primerba
e76f1f59-52f6-496f-9585-9d6b5b5f64e9,Divanoodle,4272.08,Longos - Chicken Wings
d35fe35d-e278-4a2d-9c7b-f11b85b26090,Twimm,7592.67,Icecream - Dstk Super Cone
5b666f62-43f3-4d4e-8641-8e5ac4ab8a52,Tanoodle,4245.37,"C - Plus, Orange"
14701943-4e2b-42b5-ae9f-89dff3ef47ea,Linklinks,6664.51,Soup Bowl Clear 8oz92008
fc7a98a8-fabd-4d7a-9348-9fe6d1aa331c,Chatterbridge,378.72,Wine - Gewurztraminer Pierre
5893e800-f7bb-4850-b75a-09594b41e64e,Eayo,2199.18,"Lamb - Shoulder, Boneless"
1e588e66-be4b-468b-8869-cb0264833f2c,Livefish,536.04,Lamb Leg - Bone - In Nz
13efcc3c-2d53-4ea9-91c2-28e9af520fc8,Skiba,9408.03,Bread - Bistro Sour
4655f6f3-702a-46c2-a1d8-10cdce364f1a,Trilith,7866.42,Mahi Mahi
f029fbb9-a424-4388-9f6f-b94925e7a856,Gigabox,3773.4,Soap - Pine Sol Floor Cleaner
1167147b-e092-41dd-bd06-31c1dcc0bfa7,Quinu,4181.53,"Wine - Red, Concha Y Toro"
ae590618-22b2-4c6a-8924-52c9a4e83b62,Fivebridge,9978.22,Oil - Hazelnut
5b0cdc74-41d0-4ef2-8284-496ae583a0c6,Jazzy,5424.52,"Club Soda - Schweppes, 355 Ml"
92d54153-5ab8-445e-919e-a1d44f2057f1,Skimia,8637.09,Mushroom Morel Fresh
fc1db2c5-0d0e-4679-a144-0a45249b87ce,Bluezoom,9124.81,Tea - Lemon Green Tea
88e94e29-cae3-498c-a1e9-d1dc35d19532,Gigazoom,7199.75,Muffin - Carrot Individual Wrap
e8e9dcf6-2ba0-4662-b345-06c9d9d77306,Camimbo,2881.66,Bread - Flat Bread
ab533e6b-d5b0-4598-bc63-d14939f98c37,Lajo,4800.14,Bread Base - Toscano
21b75f17-2f52-42bd-83ba-40abfbafe7cb,Brainverse,3374.32,Triple Sec - Mcguinness
751ddddc-b7b1-40f9-bdd9-b2d112e25b6a,Kare,212.09,Sugar - Individual Portions
9e520811-6575-475b-8465-bc2286f4259c,Yakitri,8288.19,Cattail Hearts
50311887-27da-44c0-a61d-2c05b3b459e7,Jabbersphere,4600.55,Lemonade - Pineapple Passion
f6b93218-012e-4cc0-bd46-bf1bf1e092ff,Yodoo,9318.07,Table Cloth 54x54 White
15a2d24e-e007-4696-ab06-2c3b9390c158,Layo,5715.54,The Pop Shoppe Pinapple
f4fc8a3d-5dee-478c-9c19-97dc72158884,Tazzy,1226.62,Wine - Two Oceans Sauvignon
79f98ff0-e91e-4932-973e-65a5be7cf8c1,Voonyx,2661.52,Carbonated Water - White Grape
9244ae96-1a57-41bb-9ecb-e242443fd5dd,Meejo,8502.72,Artichoke - Fresh
1a4de3a3-24ec-4168-8571-866f129277df,Eayo,4090.54,"Salmon - Atlantic, No Skin"
4bc71e74-3270-4418-90d1-bbb16ad6d981,Twimm,2355.94,"Placemat - Scallop, White"
cce07363-809b-4648-84ed-4755c140c44b,Skaboo,5316.96,"Crab - Blue, Frozen"
d4ebd96c-cefe-43a4-86e5-bb20a8cb8e8f,Feedmix,8177.68,Sauce - Sesame Thai Dressing
ed82d6b9-49a2-47bb-9844-9cbcada112c4,Vimbo,9051.02,"Tarragon - Primerba, Paste"
0a4bf77e-f1e3-4331-8563-c6652b298695,Camimbo,1586.52,Milk - Condensed
f3a49d37-f2b3-4648-858e-83d472fe9f8e,Plajo,2930.99,Steam Pan - Half Size Deep
816861ce-ee8f-46d6-8035-c14fd808bf9a,Shufflester,3514.8,"Shrimp - 16 - 20 Cooked, Peeled"
b88aecc1-fca9-426d-8689-1250063ef549,Rhyloo,4298.4,"Gingerale - Schweppes, 355 Ml"
47b8b846-f30d-4c5b-9fd1-becb7692d071,Yacero,3984.72,"Flour - Buckwheat, Dark"
968fcb99-6796-400f-8d89-310de57c0ef8,Fanoodle,3480.71,Wine - Casablanca Valley
6777311d-84ff-45b9-a5cc-41bdaad53216,Browsetype,8043.06,Beer - Maudite
50beb506-720a-4139-9efc-50cc5788b216,Feedspan,3623.19,"Lamb - Racks, Frenched"
4180fc65-b591-4924-97b1-ef38b16095ac,Zoomdog,9057.77,Beans - Fine
1bc586f8-4140-42f0-8ad1-fae8d2ecc152,Zoonder,4936.31,"Coffee - Colombian, Portioned"
ab2c194d-0631-4bb4-983f-9ec1808944e8,Edgeblab,8390.19,Apricots Fresh
29d76e55-e210-4dea-a2f3-514a14a385db,Skivee,8806.87,Nut - Pumpkin Seeds
55a6fa9f-691e-4aa5-8b9a-e84e928207d4,Tagpad,7527.79,Pepper - Red Bell
820207b3-e2ba-4423-96ac-93ba2482fa2d,Photofeed,7211.85,Soup - Campbells Beef Noodle
b5969b15-2057-48d4-8c35-997e1f2e6220,Centizu,2856.88,Oranges
1406ea33-68e2-4172-9b50-589ece853742,Dabtype,4232.54,Lamb Rack Frenched Australian
34b9b292-72a1-4171-9f2b-8174957ccb9c,Yabox,9809.61,"Chocolate - Pistoles, Lactee, Milk"
eda177d7-eb79-43be-a479-47a32a39c736,Mynte,7135.34,Smoked Tongue
d2ed563c-bb3d-4997-a55c-0baba9a66d1e,Feedfish,5923.5,"Lobster - Baby, Boiled"
dc2ff68f-4da2-496b-a965-86079d51d61e,Jayo,3553.18,Fork - Plastic
ec37a56c-1fb1-49a5-aa19-bf4911eb7f2e,Zoonoodle,4752.85,Appetizer - Seafood Assortment
d85539b0-5563-41d6-831d-1a1ea20f492b,Twinte,2072.8,Haggis
39751a69-c233-4727-913f-ac8c47d0af27,Devshare,7036.08,Monkfish Fresh - Skin Off
6e8e9776-9a70-48bb-b91e-a0c5ddf27ca2,Chatterbridge,3661.02,Bulgar
ec31fe36-29b3-4920-ab74-4d5626e9fb6a,Divavu,3681.89,Cheese - Brick With Pepper
87fd17f4-7de1-4fd0-8787-d94030206ab8,DabZ,8454.86,Pail With Metal Handle 16l White
18bc04f7-123f-4a7b-83cc-3bcd7ff7ac78,Kaymbo,3895.35,Magnotta - Bel Paese White
9180078c-d320-4b62-9e6b-f873cf76e492,Zoomlounge,4996.52,Appetiser - Bought
eab70a4d-b335-40a8-9f22-a960cd07b104,Yodo,7440.29,Tomato - Peeled Italian Canned
ef6e02e7-98d2-4555-bdc6-a36c55ae874b,Meevee,4109.65,Paste - Black Olive
fe37253a-cc4a-4d01-9266-c5d709a63220,Shuffletag,8676.37,Water - Perrier
b76a0956-c07e-4e7f-a32b-345adc6e8563,Edgeify,8255.34,Wine - Spumante Bambino White
24b8ff87-0b4d-49cf-b79c-38d8cb61b5dc,Fadeo,9786.94,"Wine - Magnotta - Red, Baco"
58fb67ff-31d5-4fa9-a443-9e615157f55b,Viva,3672.08,Salt - Seasoned
8586f9f9-a390-4f18-84f0-c4671397e1fb,Zooveo,7816.53,"Doilies - 10, Paper"
a1e9367e-4048-443c-9a30-84c5662b018b,Edgewire,5249.9,Pepper - Yellow Bell
d81ea0d3-5559-4274-9ceb-4dadbd8b585c,Jabberbean,934.38,"Beef - Tongue, Fresh"
2a85cc22-7a1c-4900-9458-e5349a840e8d,Abata,7337.28,Cheese - Cottage Cheese
2f08f8a2-3067-4b9e-9382-1ce4b04ac94b,Jazzy,5113.83,"Asparagus - Green, Fresh"
bd8e7048-cf1e-43bf-85da-40fa5df66848,Twiyo,5595.96,Table Cloth 91x91 Colour
db000461-b933-48a1-86db-3f0ddc8b090f,Oyope,1435.85,Oil - Olive
1c51cea1-1ccf-4181-947b-04572aa04f5d,Edgewire,7635.88,Grouper - Fresh
6346e3f6-8f8c-415a-be4c-2df61c2e24ee,InnoZ,329.62,English Muffin
0925e5e2-4727-49c1-a00b-ae23ea63c635,Devcast,2539.69,Muffin - Mix - Creme Brule 15l
a2ffa185-9003-46b5-96b7-4b9546ff062e,Jayo,1059.71,Pineapple - Golden
deaf7e84-9926-444b-8a9f-a164b1de591f,Voolith,7872.45,"Vinegar - Balsamic, White"
393802fd-bf50-4ff9-bba5-70534a8afba3,Rhyzio,8610.92,Steamers White
b2d5430f-205f-474e-b9a2-650d0ad452ef,Leenti,4539.11,Appetizer - Seafood Assortment
ad1dc720-1280-4210-beaa-ced2a39ac9ff,Dabvine,6920.01,Vector Energy Bar
b562f698-1e3b-4d30-a4c8-a70b25a0d37d,Flashset,4264.36,Cookie Choc
0af8ff36-ff90-4101-ab69-cfd3a9cc7319,Kwilith,4245.49,"Veal - Chops, Split, Frenched"
227ce2bd-9618-4951-917a-fc59baed938a,Centizu,2073.52,Chicken - Leg / Back Attach
053898fa-7a38-456c-b5f3-6d8849be352b,Wikizz,6628.43,Beer - Maudite
4f720acc-3686-4bbd-b518-8dc73f9ec3c1,LiveZ,3582.44,Cheese - Swiss Sliced
938d6246-65bc-4338-87a8-ec0e35bee7a6,Skilith,7756.88,Mushroom - White Button
6dec24c2-ff5e-4ab8-86cf-e7e92998111d,Edgeclub,6695.86,Cups 10oz Trans
2cba5e3b-3e55-4586-b95f-e16b9e3bc049,Shuffletag,7466.31,Coffee - Hazelnut Cream
bcb1afc6-2236-4e2c-b510-d71fe9e2bad2,Yata,1297.8,Soup - Chicken And Wild Rice
d2829c96-f4aa-48ba-9ffa-1383bb14b4b2,Flipbug,6578.68,"Lemonade - Black Cherry, 591 Ml"
1512639c-a8ae-45d7-907c-b1ab377ff194,Wikizz,9255.2,Rye Special Old
1aa8b1c1-2ad8-4e46-af68-3cee9b648eeb,Zoombeat,3642.23,Goat - Leg
0b25acc3-67cf-4bbf-a259-59566aa29dbf,Agivu,1541.07,Cup - 4oz Translucent
01551272-7701-49ef-8b84-d42804b69515,Eare,5726.61,"Trout - Rainbow, Frozen"
95350096-60ab-4a8f-b397-82c684dd7892,Browseblab,6979.55,Chevril
6a05e66c-d150-4a71-b214-08adc5d41cd2,Reallinks,1541.5,Glaze - Apricot
f104698d-bb2a-4db2-9b38-39fd7e2851ad,Eidel,1415.11,Wine - Shiraz South Eastern
e6b11748-4ffb-4920-b9d8-e644737c4b5b,Katz,9708.39,Bread Cranberry Foccacia
044029d0-9ad3-4292-99bd-5c6645d9f1d0,Bubblebox,2570.19,"Olives - Black, Pitted"
1ee08e84-221a-4323-bf17-ee000dbb0978,Youtags,1838.67,Wine - Chateau Timberlay
ea29d5d8-00c5-48f5-b181-9d43ae964984,Gabcube,8087.29,French Pastry - Mini Chocolate
bf5f0cec-7346-45cd-a501-cf11870a2940,Demimbu,5240.32,"Pork - Sausage, Medium"
fc92b254-8f2c-495e-a072-9e1c520cb036,Yadel,293.03,Sour Cream
1de9c445-dd80-4136-bc16-e7a0446e28c0,DabZ,405.5,Beer - Upper Canada Lager
3e7c353e-c01e-48ab-848d-0d33298b54d8,Twitternation,5775.47,Buffalo - Striploin
db15eed1-a325-4ac3-9166-dce6107058bb,Minyx,1471.67,Sproutsmustard Cress
1953a9dc-6f0e-4e17-89f2-f189d29ce84e,Layo,7126.4,"Tendrils - Baby Pea, Organic"
0affabb2-88b2-458b-98ec-d83ac64c86d7,Ozu,8090.47,Tea - English Breakfast
af09e868-6409-42b6-bad3-86020187b9ed,Cogibox,6536.25,Cheese Cloth
2e7f42c9-d3ee-459f-86f9-e5cbe132e318,Vipe,6521.19,Juice - Orange 1.89l
5b162c35-3659-4518-b4a4-a937806edb1e,Twiyo,8973.07,Tarragon - Fresh
3b65a6da-1ff2-4fc9-9e8e-bd87216e3113,Fivespan,1146.21,Veal - Striploin
97aca206-33ef-402a-bb31-f05d69d24067,Twiyo,9936.89,Appetizer - Shrimp Puff
bcc7963c-d6f3-4923-b611-5db5c4a83cca,Thoughtbridge,4316.84,Cabbage Roll
73db4658-0d3c-4223-8b07-b153ca349bad,Meetz,1274.93,Artichokes - Jerusalem
f71bf622-4054-4203-ac08-6cd76a78514a,Meejo,8832.78,Cake - Mini Potato Pancake
e1c860bf-e381-4f8e-95d5-84faf4aaf78b,Aibox,5309.86,Hog / Sausage Casing - Pork
9c855ed5-aae3-4e60-ae84-655488bdca22,Flashpoint,6714.64,Lettuce - Green Leaf
d5b746e0-926a-4a22-a3eb-6a5783257391,Jayo,4684.16,Chips Potato Reg 43g
60ec6f5d-bc8c-478d-982e-52d3fb2adcca,Fivebridge,5036.42,Paper Towel Touchless
e3875957-2505-4d47-b959-f918490cb391,Riffpedia,3735.45,"Syrup - Golden, Lyles"
6b09c9dd-e2a3-4df6-b663-757dcb7f9a43,Yadel,3589.66,Bread - Hamburger Buns
8c8760de-f05b-41f9-952f-374446f5abe0,Chatterbridge,324.24,V8 - Berry Blend
67e4a4af-6bb7-4527-8de9-daa47c775599,Vimbo,7807.44,"Pasta - Spaghetti, Dry"
e1fabe9e-fbf1-4667-8241-ac5a2c18291c,Abatz,5522.44,Chickhen - Chicken Phyllo
13efbc0d-faa3-4c95-ae33-f93212f14681,Skibox,3570.21,Gelatine Powder
ae100eb7-ca75-4e0a-b18f-5323eb310bb9,Roomm,2518.75,Hog / Sausage Casing - Pork
bf9509e2-44b9-489c-8d25-975be0c2960b,Realbridge,5572.42,Sauce - Hollandaise
233d4d60-c24b-47f0-ba80-238a87c45d22,Midel,5601.02,Sauce - Mint
66e46df4-f96e-41f9-8aaa-c938954caf56,Kwilith,2684.24,Snapple Lemon Tea
56020646-af53-47ea-875d-b4999c7e42f6,Fiveclub,4418.24,"Doilies - 12, Paper"
08f8a57b-f564-4f99-b407-d382299d80f1,Agimba,9624.97,Oregano - Fresh
db0170a0-daf0-41ad-8aff-53a5d510d02b,Devify,7266.71,Jam - Raspberry
f93925a0-f2fb-43d0-8797-e5cc364d35f5,Shuffletag,5701.85,Pasta - Cheese / Spinach Bauletti
64ed97de-50e7-4159-9e46-0f373e33c06b,Twimm,9578.27,Gelatine Leaves - Envelopes
e6a46dc6-04d0-4e45-95eb-64716fc679bb,Zoomlounge,4537.89,"Soup - Clam Chowder, Dry Mix"
22396605-27c6-402e-b78a-ea73b2aee29b,Riffpedia,8938.54,Liqueur - Melon
bb392149-4699-40d9-a9fe-d17b66a76708,Riffpath,394.54,Oysters - Smoked
a533f57d-d42f-4d5e-8573-8f96437b2713,Zoomlounge,642.84,Whmis Spray Bottle Graduated
81f524c0-77c3-4bc9-8ff3-0dd16d7499c5,Midel,9940.33,Pastry - Butterscotch Baked
69a3e390-2ad4-41c0-8a87-298d9abbaca9,Kazu,232.59,Wine - Balbach Riverside
e010c400-2f5f-4d73-83d6-0415b1bc8f27,Mita,8717.45,Pepper - Pablano
4760661d-9006-48f0-ac93-21bc9f53c13a,Skinte,5003.83,Turkey Tenderloin Frozen
2e2c97f8-a97d-4eac-b1b0-002baac3df69,Yacero,8542.97,"Bread - Bagels, Plain"
3e765d16-36ec-4ba4-b7a9-252196582779,Fivespan,6618.87,Crab - Meat Combo
ee4e9710-887e-4ac8-bdcb-0a81b12abac7,Wordpedia,210.26,Muffin - Bran Ind Wrpd
f1490481-4f1c-4b9b-ab47-f2a4edf9794b,Skivee,902.44,Apple - Northern Spy
4e825521-6692-49a1-8d12-74718186ffd1,Camido,1022.08,Fond - Neutral
b77c4ffc-5393-4174-b8cf-030e83a5e07e,Bluezoom,7566.12,Bread - French Baquette
56b55cbf-1f5f-46bb-b502-a7ea930c4531,Tekfly,6932.5,Beef Striploin Aaa
404608d8-ccf4-4c17-8cf9-62c368ab4969,Topiclounge,2874.81,Pie Filling - Pumpkin
578d1520-172e-46bd-837f-061b26e9341b,Realmix,1402.26,Mushroom - Crimini
511ea26c-5e8b-4831-9d7f-7e08cc850874,Oodoo,8221.13,Bar Mix - Lemon
b6ab2519-e7e4-49e6-abc2-0925cc40bfcf,Shuffletag,3134.59,"Lamb - Whole, Fresh"
20ae93aa-f076-4157-b5dd-37089cbdfd99,Topdrive,9322.48,Table Cloth 62x114 White
47825415-5b80-42e1-ac97-8307f06996ba,Voonix,289.17,Brandy Apricot
6cc4b1df-f08c-457a-987c-1b689808ec82,Abata,4711.97,Mousse - Banana Chocolate
b7882a37-f0a1-4ed2-9b04-7060f1178791,Ntag,9587.45,"Lamb - Loin, Trimmed, Boneless"
5068a980-be27-4005-b634-8755e6eb194d,Aimbu,178.21,Salmon Steak - Cohoe 8 Oz
1cf33971-c4de-46bf-8531-b42fcd3cc8ab,Skipfire,2647.22,Lobster - Base
215a6728-a25e-43aa-abd4-01a0f3aae2e3,Miboo,9075.62,Energy Drink - Franks Original
21f336f2-2901-4f30-997f-450ea266ff37,Plambee,4888.62,"Syrup - Monin, Amaretta"
2de6c182-326e-4bdc-bea8-249a09c1b96f,Skidoo,9248.38,Bread - Multigrain
c0797e19-bf06-4229-a5ab-3638f7f51a17,Mybuzz,7798.34,Parsnip
3e40fabe-3be9-495b-b347-4e36da134777,Skajo,9982.8,Cattail Hearts
734ed7b9-73aa-4fd7-89a1-e1c7d3da0005,Feedmix,186.57,Cucumber - English
df0911fc-28db-45d5-ad59-ddbefe5ab1b1,Fivebridge,5129.21,Sea Urchin
6ecbfced-f1bc-4741-b840-6604273d062c,Flashspan,7471.08,"Thyme - Lemon, Fresh"
7a433b13-0034-40de-a3b8-66d088c60822,Agivu,8757.88,Coffee - Almond Amaretto
10eced74-d5fd-4da7-b8cb-6c5c504a821b,Kwideo,2690.06,"Sauce - Soya, Dark"
3967affd-a113-4d41-ad37-e0940d52529c,Rooxo,6252.95,Pancetta
e69024a5-fbd8-4295-9732-68c4c118993e,Twinte,3000.57,Coffee - Espresso
e5163438-ab54-498d-8c0b-d47ff046daf9,Nlounge,4069.67,"Beans - Kidney, Canned"
e1dea64e-4b0f-4331-a52d-0ecbc01b1a00,Twimm,1725.35,Beer - Paulaner Hefeweisse
14e1d959-4346-4849-a9e8-2a5a0324a40d,Zazio,2644.63,"Beans - Turtle, Black, Dry"
ee0a8b22-77a9-4513-8caa-471c5a3b7ce5,Ailane,4803.55,Shrimp - 31/40
bd55a17c-bb78-4f93-bba3-3a2b91fa6e88,Izio,8442.47,Frangelico
e7ad3fee-3b21-44ea-a6a5-004c207dee42,Dabtype,6326.95,Cloves - Ground
8097d6b6-400a-4689-9a0c-e894ecc0d1b0,Kaymbo,1040.97,Soup - Boston Clam Chowder
757ff10e-8375-4478-9daf-33c695836067,Leexo,1946.95,Broom And Broom Rack White
c1adb55a-72eb-41e9-a32a-7f3985a35c3e,Buzzbean,1811.75,"Cod - Salted, Boneless"
82d1b15b-71df-41ac-9e21-70ec07bf82f3,Babbleblab,5614.54,Cakes Assorted
1172e879-31d8-41d1-8698-a1f62859a977,Lazzy,8531.16,Banana - Leaves
4e6b23aa-0a73-4141-a53d-a3ca7b9ef7fd,Skyba,444.98,Wine - Montecillo Rioja Crianza
ff793289-3a06-477e-83de-a3b89ae38ee7,Shufflebeat,7487.02,Ecolab - Hand Soap Form Antibac
1f4850cd-906d-4f6d-8e8d-69739853aafc,Yakidoo,4.41,Veal - Sweetbread
78213863-ccc2-4f28-bf1a-defb9df12223,Vinder,1230.87,Carbonated Water - Strawberry
511a7621-ba7d-4874-8ab1-bc25c448664c,Lazzy,8279.25,Wine - Cousino Macul Antiguas
31983100-dc1c-472b-8af9-b75df7a88784,Devpoint,8683.16,Remy Red
b15ed29d-41b0-440b-a7be-d4221049c07e,Blogpad,1225.24,Wine - Magnotta - Cab Franc
8fbb53cd-aafa-4f90-854a-9a929d98da4a,Tagpad,1099.48,Swiss Chard - Red
3f0526a1-f6ec-47fc-a146-2838b15853dd,Jabberstorm,9161.65,Jam - Apricot
20a11a41-6971-4f5b-8b64-88fdf8f0a64f,Zazio,9969.34,Veal - Knuckle
fce0bdd6-753c-4c50-bce8-df25b4c50a11,Browsedrive,6561.76,Wanton Wrap
33469acd-69a0-4e2b-9e19-077555575456,Skivee,8339.21,Cheese - Roquefort Pappillon
b9a407d5-854e-478c-add4-80e3e51478da,Mynte,7436.38,Langers - Cranberry Cocktail
ae04f84f-70d8-434e-9038-cdc470b7fa81,Dabshots,5820.47,Rolled Oats
8497e926-e56a-456c-bf5e-37b6872b8020,Devcast,8700.23,Dates
cb47ab33-0ccb-47e9-94c0-9f091ded2f97,Flashdog,4349.06,Oats Large Flake
56e860c6-33bf-43f6-959b-8a918086c445,Thoughtstorm,1907.98,Oysters - Smoked
dec98997-4bd0-4d49-8a1a-fc4dc7159b3f,Agivu,6825.91,Lettuce - Treviso
3fbaf88f-cf00-4e8a-b617-e4a8bd81f11a,Rhyzio,7321.9,Vaccum Bag - 14x20
dbb33daa-4925-4000-a94c-6b80e81ba834,Skinder,396.75,"Roe - Lump Fish, Black"
2e04b69a-5110-43ac-84ac-97863abe947a,Edgeblab,2025.74,Shrimp - 31/40
edd102a7-2f0c-4bb5-80a0-f2575cf75c47,Thoughtbeat,386.5,Pomello
3ef44437-cfe4-4cb4-928d-21e875fd9e9a,Vitz,1500.79,Thyme - Dried
858591f5-7f10-4b0d-99af-009641b13e21,Myworks,1321.79,Cheese - Cottage Cheese
66adb19c-10d9-4f02-af56-c427f8831496,Topdrive,3102.96,Jolt Cola - Electric Blue
c5f43c61-1b92-4549-975d-46f4bbed9476,Rooxo,6216.33,Carrots - Mini Red Organic
cf95248e-662e-4150-a2fb-85f975d0e6cf,Blogpad,3716.44,Oil - Shortening - All - Purpose
dd1a091b-ac5a-4c68-8c0e-2418a08fff26,Geba,8271.28,Compound - Strawberry
458a65d7-6c39-4197-b7f2-0d4af8d61b2f,Zoonoodle,7352.98,Port - 74 Brights
6be5095e-21c7-4ae1-81f1-a77e63179429,Wordtune,1430.66,"Lemonade - Kiwi, 591 Ml"
cdb0e26e-cd3f-4bcd-89fc-87e7fd3033b7,Miboo,9018.28,Cake - Miini Cheesecake Cherry
472ff101-d102-4c77-8752-82ee9e11a1f1,Ntag,6292.9,Tart - Butter Plain Squares
954daedb-8b63-49c8-ad80-a15a9a465c05,Youtags,6167.49,"Bread - Pita, Mini"
301cbe33-6569-4ed1-b284-45e30f1b6d13,DabZ,6770.68,Wine - Fat Bastard Merlot
4ad442c0-68d4-4af5-bca8-892f0192fff2,Jabbersphere,6439.85,"Lamb - Whole Head Off,nz"
24c0c844-20f6-40cc-b690-b6bbb64e6f9b,Wordtune,6450.76,"Beans - Long, Chinese"
4b14c896-9361-4f2d-9529-9157c758a141,Mycat,8853.32,Carbonated Water - Blackberry
8582e170-2ae7-427e-897d-e2e4c1f1297a,Oba,9906.24,Swiss Chard
a79751a1-0cfa-40f7-b47c-278261d57c94,Skilith,2126.37,Table Cloth 144x90 White
11bb521d-944d-4718-a628-1faaf93eba6d,Gigashots,7747.24,Pizza Pizza Dough
a02e1d43-6928-4aac-8a26-ca867e0edc3a,Linklinks,2620.53,Steampan - Half Size Shallow
895982c0-667a-4f11-8a2f-48f8fb70a3dc,Rhyzio,6054.97,"Wine - White, Cooking"
ff86c00b-4b3b-4552-8fa7-8fe3eda7c230,Livetube,3199.67,"Syrup - Monin, Amaretta"
1bfa77cc-de04-451e-a42b-6f66c2af2b1d,Dynabox,8832.32,Greens Mustard
f62f34b1-dbf2-4da2-97d6-8095f17aef23,Plajo,6523.78,Cheese - Mix
1f664931-757b-40a3-8a5f-506bc211790d,Midel,4768.32,Sage - Rubbed
a202f5ff-18bb-4255-b938-7b0b67c3d258,Blogtag,3619.75,Lettuce - Frisee
a38ad306-8c4f-49be-9abf-712ac6b9e305,Shuffletag,3830.51,Versatainer Nc - 9388
a233dd18-3c15-431f-b92c-96c0804b2d16,Gabvine,7958.3,Muffin - Mix - Bran And Maple 15l
ef170d10-c373-472d-b3bf-982809abcedc,Chatterpoint,2320.34,Celery Root
2a20b5dc-d54e-4bd9-92d6-2181dc397813,Youopia,587.22,"Pasta - Linguini, Dry"
3f70e705-8ce4-4d4c-a03b-e6817952ed72,Fiveclub,5086.79,Salmon - Canned
8b00ee05-d358-4a0e-b1a9-85e51c144d4d,Pixonyx,2339.41,Sausage - Breakfast
0141d318-f771-4c6b-a64b-99edc5f0a396,Rhynyx,7762.37,"Stock - Veal, Brown"
0fd51b66-35b5-41f2-abb2-018bbae0c702,Minyx,7382.66,Cup - Paper 10oz 92959
e6549d92-20f3-42ae-9cc8-4b14bf61cfe2,Thoughtbeat,9723.56,"Cod - Salted, Boneless"
4fc9d9e6-4ccc-4169-b5e5-1bb17f15b644,Skippad,9113.57,"Liqueur Banana, Ramazzotti"
3cdd3357-58e0-458f-ba39-ad891c0915ce,Skiptube,2422.42,Oil - Margarine
d1c35194-c3da-4644-9bdd-2cc2ddbcf330,Wikido,4896.22,Creme De Menthe Green
b36e8c20-a21f-4754-9be8-44b4f6e9e8da,Trupe,8245.35,Wine - Chardonnay Mondavi
e4baae6e-bffe-4abf-a0eb-e1d889d3ec5a,Tanoodle,9627.84,Sugar - Individual Portions
65846523-a004-4fa0-abad-979ef61e75e1,Topdrive,5789.2,Wine - Kwv Chenin Blanc South
73a61c20-55ab-43b2-ac2a-f88995c647e2,Meemm,4666.64,Soup - Campbells Chicken
791cad95-b73e-41c5-9925-e4a911324d2b,Twimm,9856.99,Appetizer - Mushroom Tart
4adb71cb-57df-42c0-94b9-9eb45e0fc6e3,Mydo,6222.49,Dikon
52588f01-0076-4186-a409-b1db38436124,Meemm,9679.21,"Napkin - Dinner, White"
a37e90bb-7ddf-43a8-b6f5-7d57565e6b05,Skiptube,2477.1,"Ice - Clear, 300 Lb For Carving"
b745f79f-7518-4a51-8fc9-bff5f3e0618c,Voomm,4289.62,Extract - Almond
b48596d9-af23-4de7-98e2-098e230c5d15,Gigaclub,6468.89,Kippers - Smoked
036eac6c-0fe3-4a10-a931-c061ecaec54c,Youspan,9771.49,Cheese - Augre Des Champs
fad2c3ca-4649-400a-8501-8e1bbbcac3c0,Roomm,9268.04,"Juice - Clamato, 341 Ml"
b93a86e2-943e-42a4-83fb-0e74e081020b,Dynabox,8711.11,Mikes Hard Lemonade
203006e9-48b9-454a-b3fa-523f420a4bf0,Dabshots,9869.31,Juice - Cranberry 284ml
c8d8b2e6-50d7-4d78-85c3-791239a15122,Flipopia,8824.42,Chicken Breast Wing On
0c6d941d-024b-452f-ba8f-eb26b4b95cbe,Camimbo,4436.06,Cheese - Brie
db65e39a-1cc0-4e09-a292-b4a30c0d5504,Quaxo,2434.61,"Bar Mix - Pina Colada, 355 Ml"
9b5dfd76-5a43-4f4d-8c4a-d43d698450f9,Roodel,7957.59,"Juice - Orange, Concentrate"
6bdfb3d8-73b0-4e5d-a92a-89e904e0ea93,Kimia,7508.99,Vinegar - Sherry
f4cf5626-0888-4682-9a29-b40321944d6a,Wordtune,9431.76,Huck Towels White
c5d49d08-9377-4b88-8101-bd4ecec69f3e,Browsedrive,7849.82,"Sauce - Soya, Dark"
865c5c3c-12cc-4103-a45c-9dffa69c5f88,Thoughtstorm,4829.03,Monkfish Fresh - Skin Off
b9635aa0-97fd-4d18-b7a2-296748913709,Livetube,687.26,Anchovy Fillets
c55c71d5-da47-4de8-aad6-8cf49c4a41d9,Yotz,5285.61,"Carrots - Mini, Stem On"
bbfabbca-d845-42b4-b236-aeaa60dfafd4,Voomm,8313.94,Ham - Cooked Bayonne Tinned
06305237-fca9-4176-bc1d-967acddb1bec,Fanoodle,6962.07,Onions - Cooking
ff7b8eed-d62b-4ff3-8418-95bc16f8c162,Twiyo,4675.1,Remy Red
da2ed4cb-55b6-45e1-b048-2d298ee1b5ae,Mydo,6638.61,"Thyme - Lemon, Fresh"
62a1a311-9454-4df6-b442-ed422c43c408,Leenti,3163.12,"Shrimp - 16/20, Peeled Deviened"
7112d627-7fd3-423e-838b-335d0fec9237,Quinu,2248.38,Lemon Grass
f4d66232-2b15-4713-bca3-4bb09fb6695c,Midel,1422.75,Onions - Vidalia
e58788dd-74d2-45dc-a5b7-cdd6bfb57700,Skalith,883.44,Cafe Royale
a5803d3f-c347-4945-a5fd-9e55ed04da49,Realmix,1751.87,Veal - Inside
bcab6a2f-7648-4760-ae9a-49b06862411a,Muxo,4847.56,Shrimp - 100 / 200 Cold Water
d70b5286-bf2f-4747-94c2-f84b5b8cd760,Blognation,9708.53,Piping - Bags Quizna
f3ffa988-8505-41a6-ac68-9db348517139,Browsezoom,3475.65,Beef - Flank Steak
1115cc56-94ca-4f2e-ae49-05b11e31fff5,Innojam,6475.73,Curry Powder Madras
108f05d3-2ad5-49b2-a251-673f01ca3fbf,Meedoo,967.9,"Beef - Chuck, Boneless"
83750f9c-b23f-4d33-8b9e-b5768a5706bf,Vinte,7415,"Veal - Inside, Choice"
cd103a86-de3c-4c71-92fc-98f49fa21e22,Fatz,9782.39,"Vodka - Hot, Lnferno"
41306a98-b648-4d17-b1df-126215fb1a65,Eire,2701.71,Salt - Sea
6aa3d8a3-6103-46ca-b2b7-31a57558ff1d,Edgetag,7238.87,Island Oasis - Wildberry
a0181a7c-03e8-4e4d-8075-c9ff5be756cb,Jaxspan,4730.15,Onions Granulated
f6848374-cdba-4dfd-9ad3-fe138c9b7b88,Ntag,5031,Bar - Sweet And Salty Chocolate
14faa25f-b757-4140-910c-270cbf727610,Linktype,9989.28,Juice - Lagoon Mango
2bb540e4-5a04-47cd-b167-240e543ff4aa,Topiczoom,5428.89,Steamers White
58bee59a-b386-4c11-b070-2a2b36b79628,Meeveo,6525.48,"Veal - Insides, Grains"
86a50464-186b-4dce-8267-2603d8661606,Shuffledrive,9855.74,Oyster - In Shell
122a929a-3343-42a9-b668-520ba708ebc6,Vitz,4711.48,"Quail - Whole, Boneless"
5ebd0274-4237-4a0e-b953-e9eb39c18f73,Oyoyo,4335.59,Beef Tenderloin Aaa
89a5787a-17a0-4659-bf5c-29431c79d6eb,Cogilith,2042.73,Langers - Cranberry Cocktail
ea746fad-19fa-4aca-9c27-122b4ae67af7,Shuffletag,3975.34,Sage - Rubbed
e8c74f78-3b82-416d-afa9-a7f0d1131056,Jabbersphere,6714.76,Muffin - Zero Transfat
8255df9c-d3a5-4a2a-a702-da309e579a3e,Zazio,4518.85,"Cheese - Brie,danish"
63b76d47-6801-4bee-82e8-582a571c4b89,Twitterworks,9919.01,Bread - Italian Corn Meal Poly
9fc22340-0539-4d24-8043-06bf85b70c1d,Fliptune,7148.34,"Marsala - Sperone, Fine, D.o.c."
742061a6-ac62-4062-80bc-7c22699854ec,Mydeo,1743.27,"Pasta - Lasagna Noodle, Frozen"
7d7d3704-6aa9-4123-a1ad-972744b9f9ef,Skynoodle,3344.21,Gelatine Powder
827a6cfe-dcd8-44d2-976b-bca51fd80d02,Cogilith,9238.46,Piping - Bags Quizna
10923612-71c1-4dc0-90b5-af921be25785,Omba,3409.58,Wine - Pinot Noir Pond Haddock
cbcfef9a-827e-49f3-bd62-f1e1397075ee,Kayveo,3967.17,Sea Bass - Whole
ee348d4d-bbc0-4a98-9938-ba201b491d9b,Dynabox,9359.24,"Bread - Roll, Calabrese"
2c2f1e1a-227e-4ca1-afb1-e2720fd2df90,Kayveo,2420.56,Soup - French Can Pea
ae3a2607-3713-4bff-89af-5881efb5a07c,Feedmix,4837.19,"Wine - Red, Gallo, Merlot"
6de3a7d8-8c4d-482f-9b9c-30142dfc445e,Shuffletag,428.31,Veal - Osso Bucco
94681f25-6ce6-4f2a-bf3d-71e253fdfa19,Wikivu,3858.36,Pasta - Cheese / Spinach Bauletti
bd508853-d20a-4b27-8095-ff87958de803,Zooxo,1161.29,Mcguinness - Blue Curacao
9328bba3-ba71-464d-86b0-2a1ea855c9e8,Skalith,8570.84,Longos - Penne With Pesto
dbd925e4-c859-4f42-9419-bd660d38ddd3,Realcube,4800.08,Muffin Orange Individual
79ccf90f-585b-4ff3-b1a3-ee493adba9f3,Skaboo,2610.26,Ostrich - Fan Fillet
19433989-b0b6-470f-becf-7643023d57f0,Livetube,4305.88,Salt - Table
fcbc3008-caac-40f2-8faa-2329299989e5,Yamia,1607.73,Lettuce - Escarole
889d7f15-9ad3-4b64-ada8-80a32b84d1b2,Zooxo,3310.18,Vacuum Bags 12x16
b5f7a7e0-da7e-460f-96ba-4fd1e0d99901,Thoughtworks,1480.86,Beer - True North Strong Ale
9dff9e15-31c5-454d-b028-5e0dc42f689b,Tagpad,5410.56,Soup - Campbells Broccoli
4da34dd3-47c5-4d14-bc92-f073b74a7613,Flipopia,4775.92,Wine - Gewurztraminer Pierre
0e6f9674-eb53-427a-9f9a-7d8b90d8c57c,Photolist,3646.48,Pie Filling - Pumpkin
71d6ad60-ab81-4bc9-8551-3fd895e59ccf,Bluezoom,1458.16,"Mushroom - Enoki, Fresh"
2fcb3a45-071c-402b-84da-270cfe0749eb,Tagchat,7983.27,Temperature Recording Station
08f146f6-49cf-4f92-ac87-06ffc848528a,Jaloo,8683.27,Wine - Piper Heidsieck Brut
8ce5613e-99ad-4ed5-aa2a-22c93a78c860,Zoombox,6684.63,Galliano
04e5332f-2b64-4ba1-a5a0-5e82fe8f080d,Podcat,777.34,Pur Value
46d8be74-8848-4a21-a2cb-8c7a734d1495,Yotz,7402.01,Food Colouring - Pink
47568c44-3bf0-487e-9382-303e8e414216,Tekfly,875.28,Wine - Charddonnay Errazuriz
38ab1ed6-ee1b-429b-82e1-f8d89c1755d7,Pixope,8830.67,Rice Paper
492d7e1a-ddd8-49bf-8581-68323eb53d1e,Gabvine,5721.71,Potato - Sweet
dd0a972e-0c81-4986-be91-bafc7eb94055,Lazz,9641.36,"Crush - Orange, 355ml"
22dbc5dd-0f2a-4855-98fa-1673941d245a,Meejo,6858.16,Sunflower Seed Raw
11670fa5-50b4-4b41-afe4-11cb11a6cdef,Mycat,5801.48,"Sauce - Apple, Unsweetened"
797591e4-59d7-40cc-abb9-bddd32c9f4da,Dabfeed,5779.24,Soupcontfoam16oz 116con
38b14f1b-5b69-4a88-829a-aa12dab5ea5c,Twimbo,2216.53,Beer - Blue
7a589676-ab24-447a-b306-f07d69aa4b95,Vimbo,5790.91,Noodles - Steamed Chow Mein
fa3817e7-93cf-4ae1-86cb-9f21dcf6456f,Dabvine,747.38,"Turnip - White, Organic"
f54b797b-976c-4a52-8ebd-ee02647cecdf,Yoveo,7817.02,Milk - 1%
733d3568-8a2e-433d-ba1c-39f2a1692ebe,Skaboo,9127.93,Avocado
8e28b049-196b-4914-bf1e-eefad3865649,Bubblebox,9776.26,"Bread - Roll, Soft White Round"
c0dd0a34-c224-44c0-af29-ff9584ef12f0,Realbuzz,6992.96,Island Oasis - Banana Daiquiri
bce95f97-56a8-4e4d-b5cb-a6fc3ba98481,Shuffledrive,9378.06,Muffin Carrot - Individual
3567cd50-ad3c-4cee-a28f-d262e7755933,Kazio,8148.4,Chocolate Eclairs
b2e657d0-eb3d-4c9a-8ce4-62783f67d48e,Skipstorm,3850.44,Appetizer - Seafood Assortment
c9e1f13e-e7df-43ca-afd0-48c074d8dcd8,Skyvu,9238.44,Apple - Northern Spy
4194c766-5506-41ab-8bc6-58e2fabe3e90,Minyx,2360.8,Bar Mix - Lime
4c60f428-3e02-45bb-b854-ef939ab151d2,Rhynoodle,8227.78,Lettuce - Sea / Sea Asparagus
c350c55a-9ccc-4867-ba37-4ef3e37a5495,Flashdog,3425.04,Vinegar - Tarragon
08950f9f-8188-43db-973c-483d5c3ab9ac,Youbridge,4335.13,Muffin - Mix - Bran And Maple 15l
ce3855fd-73ec-4793-9221-0b1ae08b3b73,Voolia,8870.95,Bar Energy Chocchip
dec5515b-2b77-459c-9c4d-724042b50770,Aibox,6484.39,Tuna - Loin
2c950c72-7db7-4aff-a0fa-f55270350cb9,Tanoodle,5921.92,Limes
13d10031-ad57-49b9-a814-996147645124,Meeveo,2435.68,"Stock - Beef, Brown"
ec34c033-cbf1-4750-bf34-0f22a05efb7d,Wikizz,1432.23,Grenadillo
1431e7cb-68d0-4a3b-a0d0-bf5ee948043e,Vipe,5102.8,Shrimp - Black Tiger 26/30
276157fe-ec5d-4c52-91c7-e8d0ba104fe4,Omba,9018.16,Island Oasis - Banana Daiquiri
d13a3480-cea2-44ce-a859-8fe053aa864d,Twinder,7016.1,Carroway Seed
86dcc1c0-9ebd-41fa-9d85-2c88a3b201dc,Mycat,5322.08,Beef - Striploin
57d1c5d0-7b55-4691-9cf3-bed763d1f054,Zoovu,9139.13,Vacuum Bags 12x16
6a89b579-53cf-4ddd-9625-530c52af749f,Meembee,9310.2,Cheese - St. Andre
6b5e3e31-429f-41d6-97d2-81645c8abf59,Mynte,8625.98,Squid Ink
489dbf33-28cb-4e88-8309-e0c30f0def89,Buzzdog,6942.45,Glycerine
876ef515-55eb-4684-8cce-41d51102948f,Voonte,6461.93,Mustard - Pommery
fb2805dd-9e8a-49e2-a3dc-b29d2e1ae8bd,Twiyo,3381.47,Long Island Ice Tea
397ff199-8ff6-4ed9-b1eb-0c623c884238,Chatterbridge,1675.49,Wine - Zonnebloem Pinotage
4959a2a9-455b-4a04-8506-041a0e0cbe1e,Geba,3481.83,Apple - Macintosh
440aba88-3dda-4219-8ce7-8ce21c3e8bd5,Teklist,9238.39,Peas Snow
611d5a10-5b3d-4bac-b08a-6fb9abb02262,Nlounge,4822.56,Soup Campbells - Italian Wedding
d61cab74-42f6-4ff4-a819-ba896520abf3,Jaloo,1170.92,Yoplait Drink
256204d1-bf84-411a-adb4-235a67bb2647,Kwilith,5235.9,Wine - Stoneliegh Sauvignon
7a9e2fc0-faaa-424c-972f-80938db86f07,Katz,2143.39,Bread - Corn Muffaleta Onion
d6055631-e189-4395-9b8c-8cbc13f3716e,Brainverse,6389.09,Wine - Port Late Bottled Vintage
209c8b2c-3fce-464c-9c9d-30f4e53b1db3,Mydeo,3813.87,Bread Country Roll
73e55a25-8171-44c8-96f3-bab2be5adf31,Linkbridge,2868.31,Cod - Black Whole Fillet
22fddfb6-802d-491f-b040-ad229837990c,Zava,3429.14,Pork - Belly Fresh
6aa06bfe-1d6d-459f-bba7-fb6ac2ffa0ff,Linklinks,3094.85,"Tomatoes - Diced, Canned"
6b698654-03e7-4866-b751-f97177a60295,Skimia,3480.58,Straws - Cocktale
175ee7ab-99de-4be6-8abf-1e1966f4ef1f,Wikizz,3761.86,"Pork - Tenderloin, Frozen"
33961b92-f5c2-483b-a3ba-11da0fb4ebd3,Devpoint,5674.43,Cheese - Pied De Vents
5a7ab09d-5368-4e99-a51b-16432bd12fa8,Photobug,6043.73,Eel Fresh
1174b08f-aee0-4ce7-bd66-b85459ce6227,Fatz,2612.3,Pepper - Chilli Seeds Mild
0001e657-3170-4fb0-90ea-1a3a69d81609,Browsedrive,8627.58,Bread Cranberry Foccacia
4c1ec970-9752-4e1f-897a-40904d6c26db,Oyoba,1603.5,Sobe - Berry Energy
3330f3e3-fb1e-45ea-999c-4af2d19df9a8,Dynabox,3426.21,Pernod
8f9791d5-9099-4474-b218-f6e5916dcc0c,Jayo,6260.78,Chicken - Soup Base
8e5f4b94-0be9-46bc-99a4-9f7b55efb1f3,Quamba,8145.37,"Cod - Salted, Boneless"
80434dd5-d62e-4aa3-885d-b770f9d50e4e,Twimm,3479.81,Wine - Chateauneuf Du Pape
aa069522-3dbe-4a92-b225-6b0e5fae9504,Roombo,9700.39,V8 - Tropical Blend
5831642b-e04a-4e18-80e2-a509987456ca,Topicstorm,1948.84,Baking Soda
e56c8487-ffbf-4750-a7bd-462f16f94fa2,Abata,214.81,Wine - Soave Folonari
00d9b1ae-d750-4f7c-94ff-11552b7c3d2c,Meembee,1994.88,Icecream - Dstk Strw Chseck
204f41d7-c8d1-4b63-9229-921dcb2d7fb4,Yadel,9938.33,Compound - Passion Fruit
e12492b4-a8d7-4e7d-ba41-1984497d2986,Babbleset,4193.23,Aromat Spice / Seasoning
23d50167-7ff0-4ee3-943d-85567bc4d385,Abatz,1201.5,Veal - Kidney
d60c461e-36d5-4a1d-a435-eabf139493a2,Mydo,8115.04,Shrimp - Prawn
43eae0ff-9476-43dd-b7e6-44298b664937,Fliptune,2061.51,Beef - Ground Medium
feedbd72-9076-452c-9454-d7b5259cadce,Yadel,9837.38,Grouper - Fresh
fbc3fa95-da4e-4749-a4cd-c0c3e831e872,Plajo,7029.54,Muffin Puck Ww Carrot
86a998a8-6086-497d-bfad-6206cf4a22bb,Realblab,5914.91,Beer - Corona
d042c9e4-8c6f-4666-aed2-2b78c4035719,Shuffletag,1234.76,"Mop Head - Cotton, 24 Oz"
4ab8e015-7bac-49c7-a914-8f442cbc6dab,Trunyx,5914.45,Frangelico
df0551f5-15f3-4638-af78-aa9242a61d86,Bluejam,3366.78,Banana - Leaves
bbbb6e9d-02e8-4b2c-a72b-6608c54a863c,Avamm,3557.74,Versatainer Nc - 888
e5b30ba8-9e06-44d8-8822-34827a13a0d9,Rhycero,5136.35,"Crab - Dungeness, Whole, live"
f33d767f-91d0-4675-905e-f88d6d70c0a5,Roodel,6035.71,"Bread - Crumbs, Bulk"
c7e0bd6d-ec28-424a-b302-00d9908a421a,Zoomcast,4984.55,Oil - Olive
09306b38-f227-4363-aea5-564164300072,Trilia,9386.44,Jam - Apricot
9987f5b9-2182-4cf5-93ee-e29cc01dde9e,Photolist,9842.69,Lychee
9f9a50f3-864b-45f0-aabe-6d484b8ce252,Gabvine,5203.04,Marzipan 50/50
14107578-864c-48d7-8554-7673c24f0fba,Wordpedia,4016.67,Kirsch - Schloss
0b54b2f0-8caa-441c-9600-1148c3744f57,Browsezoom,6786.68,Red Currants
38feb7d3-0314-46f3-b0d9-97e95e940679,Skyba,3691.66,"Seedlings - Buckwheat, Organic"
280b9bc2-7358-40b8-aeb9-9615abdde215,Babbleopia,1873.35,Blackberries
3fe10a89-2f0b-4e3e-b11d-6f25dc600cb2,Blogspan,4226.43,Cheese - Comte
9b3545c4-43f3-469e-a446-4cf53501fd2f,Dynazzy,8944.51,Wine - Red Oakridge Merlot
380aa2ce-0d11-41d6-9cb3-79f5b27582dc,Trunyx,3364.44,Wine - Cave Springs Dry Riesling
5ab9affe-11ba-4050-9713-146f350b1b57,Dynabox,9198.66,Sauce - Balsamic Viniagrette
e9b9e800-2386-4e34-af6e-e87e33f9cf92,Voonyx,5332.87,"Juice - Apple, 500 Ml"
b8309c21-7a4a-4889-927d-c0615db50dcd,Meevee,5277.79,Wine - Trimbach Pinot Blanc
349e20e1-8456-418c-a927-3995cf939e43,Riffpedia,9011.04,Shrimp - 150 - 250
c971585a-4d02-416a-b7f7-546750d4a60c,Trunyx,5800.65,Muffin Mix - Banana Nut
f395abd7-5f43-43bd-b622-b8b3ef9a1897,Skimia,3783.89,Juice - Lagoon Mango
f25ee74a-d85e-48f7-a9b1-503f139eea7a,Skynoodle,1897.07,Energy - Boo - Koo
2a5abd54-5837-4f4f-977b-bcc8c0801951,Riffpath,6530.85,Duck - Breast
28201b9e-41ee-46c8-9e8e-6afcad22f5fd,Ntag,8448.92,Oven Mitt - 13 Inch
0b150b94-cb24-413a-a7e6-c5a936e1c1c2,Skinder,5427.4,Cardamon Seed / Pod
8b1f5152-aeda-40f3-abb6-aaf7b3b7433b,Livepath,7121.1,Cheese - Wine
e01aae30-899a-413f-9382-dede4c97a021,Realpoint,3007.12,Wine - Lamancha Do Crianza
6b8ea041-3b64-4ce0-ae47-c5191bdac606,Realmix,4893,Chivas Regal - 12 Year Old
f31887a3-ba9b-40f8-b9d5-c4716e19d145,Pixonyx,2925.04,"Beans - Kidney, Red Dry"
921d229b-d15e-4ded-a0e0-eb391125eeac,Oodoo,3666.72,Chickhen - Chicken Phyllo
1ae12e23-6d7d-4709-acac-afb173d833a3,Rhynyx,7175.65,Carbonated Water - Raspberry
702c63dd-5936-4557-abd8-c59d97b48bca,Geba,1030.24,"Veal - Chops, Split, Frenched"
167846af-e182-4d1e-9e7a-bbb316ffa704,Voolith,8100.57,Lettuce - Lolla Rosa
422ef667-2129-48bc-b1f4-fbddfa889015,Jabbersphere,9115.08,Tea - Herbal Sweet Dreams
4dbd7980-1d6d-4aef-b7a7-0319cdc5d39e,Avamm,9341.41,Soup Bowl Clear 8oz92008
2e6c3dd9-2e3d-4c01-9390-c8c1df022cd7,Eayo,5299.44,Milk - 2%
2bb089ae-4b8f-4975-ae93-ba8863bf5fad,Flipstorm,3171.47,"Salt - Rock, Course"
594a3e6e-787e-4265-84f5-ca93cf8cb5ed,Wikibox,1296.26,Langers - Mango Nectar
900aeba4-98cf-4e6d-9891-794d03f68944,Thoughtblab,415.19,Soup Campbells Turkey Veg.
fc2edfc4-0fe5-4bd4-a14a-c06cd77b5f59,Plambee,3553.85,Cabbage - Nappa
426710bd-8b09-43aa-9fcf-7d80ad737740,Abata,7402.86,Napkin White - Starched
23c5def4-8bcd-48bc-b275-77b05bb59cb3,Feedmix,7894.26,Appetizer - Asian Shrimp Roll
384deffe-c76b-46dd-8e77-a2c2df9e9421,Kanoodle,1847.04,Bread - Crusty Italian Poly
e164ce6a-39dd-497a-8374-4e6fdc995987,Centimia,2692.6,"Artichoke - Hearts, Canned"
39c24bea-f9d9-4a63-8fdd-160ef7869709,Devcast,161.28,Pork - Sausage Casing
af6c864e-eddc-4786-b17f-087fc1232e49,Jayo,7483.05,Orange - Blood
283d454b-d445-4257-b213-c88c0ccd34b6,Skyndu,9971.8,Beer - Upper Canada Light
e94ec914-fd55-47df-b58a-39e78dc05d85,Zoonoodle,2958.3,"Wine - Red, Lurton Merlot De"
3158bc05-c8f2-4292-bdc1-1b9dacc61c71,Wordtune,9926.31,"Lettuce - Romaine, Heart"
02f76ee8-18c3-49f2-afff-88eba5ce227b,Riffpedia,2592.22,Truffle Paste
